OPC.DeviceGroup.PPR.1S.BDV20032,2
OPC.DeviceGroup.PPR.1S.BDV20068,2
OPC.DeviceGroup.PPR.1S.BDV20105,2
OPC.DeviceGroup.PPR.1S.BDV30020,2
OPC.DeviceGroup.PPR.1S.BDV30041,2
OPC.DeviceGroup.PPR.1S.BDV31025,1
OPC.DeviceGroup.PPR.1S.BDV31047,2
OPC.DeviceGroup.PPR.1S.BDV31085,1
OPC.DeviceGroup.PPR.1S.BDV31145,1
OPC.DeviceGroup.PPR.1S.BDV60009,2
OPC.DeviceGroup.PPR.1S.BDV60024,2
OPC.DeviceGroup.PPR.1S.BN49003_4B,0
OPC.DeviceGroup.PPR.1S.BN49003A,0
OPC.DeviceGroup.PPR.1S.BN49007,0
OPC.DeviceGroup.PPR.1S.BN49009_10,0
OPC.DeviceGroup.PPR.1S.EH49100,4
OPC.DeviceGroup.PPR.1S.EH49200,4
OPC.DeviceGroup.PPR.1S.ESD_2A.2A,0
OPC.DeviceGroup.PPR.1S.ESD_2B,0
OPC.DeviceGroup.PPR.1S.ESD_2C,0
OPC.DeviceGroup.PPR.1S.ESD_LVL_2C_1,0
OPC.DeviceGroup.PPR.1S.ESD_LVL_2C_2,0
OPC.DeviceGroup.PPR.1S.ESD70300A1,0
OPC.DeviceGroup.PPR.1S.ESD70300A2,0
OPC.DeviceGroup.PPR.1S.ESD70300B1,0
OPC.DeviceGroup.PPR.1S.ESD70300B2,0
OPC.DeviceGroup.PPR.1S.ESD70300C1,0
OPC.DeviceGroup.PPR.1S.ESD70300C2,0
OPC.DeviceGroup.PPR.1S.ESD70300D1,0
OPC.DeviceGroup.PPR.1S.ESD70300D2,0
OPC.DeviceGroup.PPR.1S.ESD84001A,1
OPC.DeviceGroup.PPR.1S.ESD84001B,1
OPC.DeviceGroup.PPR.1S.ESD84002A,1
OPC.DeviceGroup.PPR.1S.ESD84002B,1
OPC.DeviceGroup.PPR.1S.ESD84004A,1
OPC.DeviceGroup.PPR.1S.ESD84004B,1
OPC.DeviceGroup.PPR.1S.ESD84005A,1
OPC.DeviceGroup.PPR.1S.ESD84005B,1
OPC.DeviceGroup.PPR.1S.ESD84006,1
OPC.DeviceGroup.PPR.1S.ESD84008A,1
OPC.DeviceGroup.PPR.1S.ESD84008B,1
OPC.DeviceGroup.PPR.1S.ESD84009A,1
OPC.DeviceGroup.PPR.1S.ESD84009B,1
OPC.DeviceGroup.PPR.1S.ESD84011A,1
OPC.DeviceGroup.PPR.1S.ESD84011B,1
OPC.DeviceGroup.PPR.1S.ESD84011C,1
OPC.DeviceGroup.PPR.1S.ESD84012A,1
OPC.DeviceGroup.PPR.1S.ESD84012B,1
OPC.DeviceGroup.PPR.1S.ESD84012C,1
OPC.DeviceGroup.PPR.1S.ESD84013,1
OPC.DeviceGroup.PPR.1S.ESD84014,1
OPC.DeviceGroup.PPR.1S.ESD84015,1
OPC.DeviceGroup.PPR.1S.ESD84016,1
OPC.DeviceGroup.PPR.1S.ESD84022A,1
OPC.DeviceGroup.PPR.1S.ESD84022B,1
OPC.DeviceGroup.PPR.1S.ESD84026A,1
OPC.DeviceGroup.PPR.1S.ESD84026B,1
OPC.DeviceGroup.PPR.1S.ESD84030A,1
OPC.DeviceGroup.PPR.1S.ESD84030B,1
OPC.DeviceGroup.PPR.1S.ESD84031A,1
OPC.DeviceGroup.PPR.1S.ESD84031B,1
OPC.DeviceGroup.PPR.1S.ESD84034A,1
OPC.DeviceGroup.PPR.1S.ESD84034B,1
OPC.DeviceGroup.PPR.1S.ESD84035A,1
OPC.DeviceGroup.PPR.1S.ESD84035B,1
OPC.DeviceGroup.PPR.1S.ESD84040A,1
OPC.DeviceGroup.PPR.1S.ESD84040B,1
OPC.DeviceGroup.PPR.1S.ESD84045A,1
OPC.DeviceGroup.PPR.1S.ESD84045B,1
OPC.DeviceGroup.PPR.1S.ESD84046A,1
OPC.DeviceGroup.PPR.1S.ESD84046B,1
OPC.DeviceGroup.PPR.1S.ESD84048A,1
OPC.DeviceGroup.PPR.1S.ESD84048B,1
OPC.DeviceGroup.PPR.1S.ESD84049A,1
OPC.DeviceGroup.PPR.1S.ESD84049B,1
OPC.DeviceGroup.PPR.1S.ESD84050A,1
OPC.DeviceGroup.PPR.1S.ESD84050B,1
OPC.DeviceGroup.PPR.1S.ESD84055A,1
OPC.DeviceGroup.PPR.1S.ESD84055B,1
OPC.DeviceGroup.PPR.1S.ESD84056A,1
OPC.DeviceGroup.PPR.1S.ESD84056B,1
OPC.DeviceGroup.PPR.1S.ESD84057A,1
OPC.DeviceGroup.PPR.1S.ESD84057B,1
OPC.DeviceGroup.PPR.1S.ESD84058A,1
OPC.DeviceGroup.PPR.1S.ESD84058B,1
OPC.DeviceGroup.PPR.1S.ESD84059A,1
OPC.DeviceGroup.PPR.1S.ESD84059B,1
OPC.DeviceGroup.PPR.1S.ESD84060A,1
OPC.DeviceGroup.PPR.1S.ESD84060B,1
OPC.DeviceGroup.PPR.1S.ESD84061A,1
OPC.DeviceGroup.PPR.1S.ESD84061B,1
OPC.DeviceGroup.PPR.1S.ESD84063A,1
OPC.DeviceGroup.PPR.1S.ESD84063B,1
OPC.DeviceGroup.PPR.1S.ESD84063C,1
OPC.DeviceGroup.PPR.1S.ESD84063D,1
OPC.DeviceGroup.PPR.1S.ESD84064A,1
OPC.DeviceGroup.PPR.1S.ESD84064B,1
OPC.DeviceGroup.PPR.1S.ESD84065,1
OPC.DeviceGroup.PPR.1S.ESD84066,1
OPC.DeviceGroup.PPR.1S.ESD84067,1
OPC.DeviceGroup.PPR.1S.ESD84068A,1
OPC.DeviceGroup.PPR.1S.ESD84068B,1
OPC.DeviceGroup.PPR.1S.ESD84068C,1
OPC.DeviceGroup.PPR.1S.ESD84068D,1
OPC.DeviceGroup.PPR.1S.ESD84070A,1
OPC.DeviceGroup.PPR.1S.ESD84070B,1
OPC.DeviceGroup.PPR.1S.ESD84071A,1
OPC.DeviceGroup.PPR.1S.ESD84071B,1
OPC.DeviceGroup.PPR.1S.ESD84072A,1
OPC.DeviceGroup.PPR.1S.ESD84072B,1
OPC.DeviceGroup.PPR.1S.ESD84073A,1
OPC.DeviceGroup.PPR.1S.ESD84073B,1
OPC.DeviceGroup.PPR.1S.ESD84074A,1
OPC.DeviceGroup.PPR.1S.ESD84074B,1
OPC.DeviceGroup.PPR.1S.ESD97001,0
OPC.DeviceGroup.PPR.1S.ESD97002,0
OPC.DeviceGroup.PPR.1S.ESD97004,1
OPC.DeviceGroup.PPR.1S.ESD97007,1
OPC.DeviceGroup.PPR.1S.ESD97008,1
OPC.DeviceGroup.PPR.1S.ESD97010A,1
OPC.DeviceGroup.PPR.1S.ESD97010B,1
OPC.DeviceGroup.PPR.1S.ESD97010C,1
OPC.DeviceGroup.PPR.1S.ESD97010D,1
OPC.DeviceGroup.PPR.1S.ESD97010E,1
OPC.DeviceGroup.PPR.1S.ESD97010F,1
OPC.DeviceGroup.PPR.1S.ESD97010G,1
OPC.DeviceGroup.PPR.1S.ESD97011A,0
OPC.DeviceGroup.PPR.1S.ESD97011C,1
OPC.DeviceGroup.PPR.1S.ESD97011D,1
OPC.DeviceGroup.PPR.1S.ESD97022,1
OPC.DeviceGroup.PPR.1S.ESD97023,1
OPC.DeviceGroup.PPR.1S.ESD97024,1
OPC.DeviceGroup.PPR.1S.ESD97025,1
OPC.DeviceGroup.PPR.1S.ESD97026,0
OPC.DeviceGroup.PPR.1S.ESD97027,0
OPC.DeviceGroup.PPR.1S.ESDA40300A,1
OPC.DeviceGroup.PPR.1S.ESDA40300B,1
OPC.DeviceGroup.PPR.1S.ESDBTV40023,1
OPC.DeviceGroup.PPR.1S.ESDBTV40051,1
OPC.DeviceGroup.PPR.1S.ESDBTV40110,1
OPC.DeviceGroup.PPR.1S.ESDBTV40111,1
OPC.DeviceGroup.PPR.1S.ESDCH07001A,0
OPC.DeviceGroup.PPR.1S.ESDCH07001B,0
OPC.DeviceGroup.PPR.1S.ESDE70300A,0
OPC.DeviceGroup.PPR.1S.ESDE70300B,0
OPC.DeviceGroup.PPR.1S.ESDE74299,0
OPC.DeviceGroup.PPR.1S.ESDEJB03002,0
OPC.DeviceGroup.PPR.1S.ESDEJB03006,0
OPC.DeviceGroup.PPR.1S.ESDEM010751,1
OPC.DeviceGroup.PPR.1S.ESDEM010753,1
OPC.DeviceGroup.PPR.1S.ESDEM010754,1
OPC.DeviceGroup.PPR.1S.ESDESW01300,0
OPC.DeviceGroup.PPR.1S.ESDESW01301,0
OPC.DeviceGroup.PPR.1S.ESDESW07003,0
OPC.DeviceGroup.PPR.1S.ESDESW07010,0
OPC.DeviceGroup.PPR.1S.ESDESW62001,0
OPC.DeviceGroup.PPR.1S.ESDETP01300,0
OPC.DeviceGroup.PPR.1S.ESDETP01301,0
OPC.DeviceGroup.PPR.1S.ESDHE01002,0
OPC.DeviceGroup.PPR.1S.ESDHE01012,0
OPC.DeviceGroup.PPR.1S.ESDHE01013,0
OPC.DeviceGroup.PPR.1S.ESDK61300A,0
OPC.DeviceGroup.PPR.1S.ESDK61300B,0
OPC.DeviceGroup.PPR.1S.ESDLL40300,1
OPC.DeviceGroup.PPR.1S.ESDLL40301,0
OPC.DeviceGroup.PPR.1S.ESDLPE81101,0
OPC.DeviceGroup.PPR.1S.ESDLPE81102,0
OPC.DeviceGroup.PPR.1S.ESDLPE81103,0
OPC.DeviceGroup.PPR.1S.ESDM60355,0
OPC.DeviceGroup.PPR.1S.ESDM88350,0
OPC.DeviceGroup.PPR.1S.ESDM88354,0
OPC.DeviceGroup.PPR.1S.ESDP40300A,1
OPC.DeviceGroup.PPR.1S.ESDP40300B,1
OPC.DeviceGroup.PPR.1S.ESDP40301A,1
OPC.DeviceGroup.PPR.1S.ESDP40301B,1
OPC.DeviceGroup.PPR.1S.ESDP40302A,1
OPC.DeviceGroup.PPR.1S.ESDP40302B,1
OPC.DeviceGroup.PPR.1S.ESDP40402,1
OPC.DeviceGroup.PPR.1S.ESDP40403,0
OPC.DeviceGroup.PPR.1S.ESDP44025A,1
OPC.DeviceGroup.PPR.1S.ESDP44025B,1
OPC.DeviceGroup.PPR.1S.ESDP54001,1
OPC.DeviceGroup.PPR.1S.ESDP59301,1
OPC.DeviceGroup.PPR.1S.ESDP65301,0
OPC.DeviceGroup.PPR.1S.ESDP65302,0
OPC.DeviceGroup.PPR.1S.ESDW07008,0
OPC.DeviceGroup.PPR.1S.ESDY09300,0
OPC.DeviceGroup.PPR.1S.ESDY09301,0
OPC.DeviceGroup.PPR.1S.ESDZ05300A,1
OPC.DeviceGroup.PPR.1S.ESDZ05300B,1
OPC.DeviceGroup.PPR.1S.ESDZ61001A,0
OPC.DeviceGroup.PPR.1S.ESDZ61001B,0
OPC.DeviceGroup.PPR.1S.ESDZ61020A,0
OPC.DeviceGroup.PPR.1S.ESDZ61020B,0
OPC.DeviceGroup.PPR.1S.ESDZ61020C,0
OPC.DeviceGroup.PPR.1S.ESDZ61030A,0
OPC.DeviceGroup.PPR.1S.ESDZ61030B,0
OPC.DeviceGroup.PPR.1S.ESDZ61030C,0
OPC.DeviceGroup.PPR.1S.ESDZ61311A,0
OPC.DeviceGroup.PPR.1S.ESDZ61311B,0
OPC.DeviceGroup.PPR.1S.ESDZ61315,0
OPC.DeviceGroup.PPR.1S.ESDZ61316,0
OPC.DeviceGroup.PPR.1S.ESDZ61317,0
OPC.DeviceGroup.PPR.1S.ESDZ61318,0
OPC.DeviceGroup.PPR.1S.FB17279,0
OPC.DeviceGroup.PPR.1S.FB17280,0
OPC.DeviceGroup.PPR.1S.FB17281,0
OPC.DeviceGroup.PPR.1S.FB17282,0
OPC.DeviceGroup.PPR.1S.FB17283,0
OPC.DeviceGroup.PPR.1S.FB17284,0
OPC.DeviceGroup.PPR.1S.FB17285,0
OPC.DeviceGroup.PPR.1S.FB17286,0
OPC.DeviceGroup.PPR.1S.FB17288,0
OPC.DeviceGroup.PPR.1S.FB17289,0
OPC.DeviceGroup.PPR.1S.FB17290,0
OPC.DeviceGroup.PPR.1S.FB17300,0
OPC.DeviceGroup.PPR.1S.FB20132,0
OPC.DeviceGroup.PPR.1S.FB20141,0
OPC.DeviceGroup.PPR.1S.FB20166,0
OPC.DeviceGroup.PPR.1S.FB44565,0
OPC.DeviceGroup.PPR.1S.FB44595,0
OPC.DeviceGroup.PPR.1S.FB44620,0
OPC.DeviceGroup.PPR.1S.FB44622,0
OPC.DeviceGroup.PPR.1S.FB44624,0
OPC.DeviceGroup.PPR.1S.FM17279,0
OPC.DeviceGroup.PPR.1S.FM17280,0
OPC.DeviceGroup.PPR.1S.FM17281,0
OPC.DeviceGroup.PPR.1S.FM17282,0
OPC.DeviceGroup.PPR.1S.FM17283,0
OPC.DeviceGroup.PPR.1S.FM17284,0
OPC.DeviceGroup.PPR.1S.FM17285,0
OPC.DeviceGroup.PPR.1S.FM17286,0
OPC.DeviceGroup.PPR.1S.FM17288,0
OPC.DeviceGroup.PPR.1S.FM17289,0
OPC.DeviceGroup.PPR.1S.FM17290,0
OPC.DeviceGroup.PPR.1S.FM17300,0
OPC.DeviceGroup.PPR.1S.FM20132,0
OPC.DeviceGroup.PPR.1S.FM20141,0
OPC.DeviceGroup.PPR.1S.FM20166,0
OPC.DeviceGroup.PPR.1S.FM44565,0
OPC.DeviceGroup.PPR.1S.FM44595,0
OPC.DeviceGroup.PPR.1S.FM44620,0
OPC.DeviceGroup.PPR.1S.FM44622,0
OPC.DeviceGroup.PPR.1S.FM44624,0
OPC.DeviceGroup.PPR.1S.FALL17279,1
OPC.DeviceGroup.PPR.1S.FT17279SUO,0
OPC.DeviceGroup.PPR.1S.FALL17280,1
OPC.DeviceGroup.PPR.1S.FT17280SUO,0
OPC.DeviceGroup.PPR.1S.FALL17281,1
OPC.DeviceGroup.PPR.1S.FT17281SUO,0
OPC.DeviceGroup.PPR.1S.FALL17282,1
OPC.DeviceGroup.PPR.1S.FT17282SUO,0
OPC.DeviceGroup.PPR.1S.FALL17283,1
OPC.DeviceGroup.PPR.1S.FT17283SUO,0
OPC.DeviceGroup.PPR.1S.FALL17284,1
OPC.DeviceGroup.PPR.1S.FT17284SUO,0
OPC.DeviceGroup.PPR.1S.FALL17285,1
OPC.DeviceGroup.PPR.1S.FT17285SUO,0
OPC.DeviceGroup.PPR.1S.FALL17286,1
OPC.DeviceGroup.PPR.1S.FT17286SUO,0
OPC.DeviceGroup.PPR.1S.FALL17288,1
OPC.DeviceGroup.PPR.1S.FT17288SUO,0
OPC.DeviceGroup.PPR.1S.FALL17289,1
OPC.DeviceGroup.PPR.1S.FT17289SUO,0
OPC.DeviceGroup.PPR.1S.FALL17290,1
OPC.DeviceGroup.PPR.1S.FT17290SUO,0
OPC.DeviceGroup.PPR.1S.FALL17300,1
OPC.DeviceGroup.PPR.1S.FT17300SUO,0
OPC.DeviceGroup.PPR.1S.FALL20132,0
OPC.DeviceGroup.PPR.1S.FT20132SUO,0
OPC.DeviceGroup.PPR.1S.FALL20141,0
OPC.DeviceGroup.PPR.1S.FT20141SUO,0
OPC.DeviceGroup.PPR.1S.FALL20166,0
OPC.DeviceGroup.PPR.1S.FT20166SUO,0
OPC.DeviceGroup.PPR.1S.FT44620SUO,0
OPC.DeviceGroup.PPR.1S.FT44622SUO,0
OPC.DeviceGroup.PPR.1S.FT44624SUO,0
OPC.DeviceGroup.PPR.1S.FIC31055A,5
OPC.DeviceGroup.PPR.1S.FIC31055B,5
OPC.DeviceGroup.PPR.1S.FIC31090A,4
OPC.DeviceGroup.PPR.1S.FIC31090B,1
OPC.DeviceGroup.PPR.1S.FIC31106A,4
OPC.DeviceGroup.PPR.1S.FIC31106B,5
OPC.DeviceGroup.PPR.1S.HM10100A,0
OPC.DeviceGroup.PPR.1S.HM10100B,0
OPC.DeviceGroup.PPR.1S.HM49122A,0
OPC.DeviceGroup.PPR.1S.HM49122B,0
OPC.DeviceGroup.PPR.1S.HS10100A,1
OPC.DeviceGroup.PPR.1S.HS10100B,1
OPC.DeviceGroup.PPR.1S.HS49122A,1
OPC.DeviceGroup.PPR.1S.HS49122B,1
OPC.DeviceGroup.PPR.1S.HS97102B,1
OPC.DeviceGroup.PPR.1S.HS97102C,1
OPC.DeviceGroup.PPR.1S.HS97103,1
OPC.DeviceGroup.PPR.1S.HS97104,1
OPC.DeviceGroup.PPR.1S.HSB49122A,0
OPC.DeviceGroup.PPR.1S.HSB49122B,0
OPC.DeviceGroup.PPR.1S.HSL70001A,1
OPC.DeviceGroup.PPR.1S.HSL70001B,1
OPC.DeviceGroup.PPR.1S.HSL70001C,1
OPC.DeviceGroup.PPR.1S.HSL70001U,1
OPC.DeviceGroup.PPR.1S.HSL701601U,1
OPC.DeviceGroup.PPR.1S.HSL702601U,1
OPC.DeviceGroup.PPR.1S.HSL703601U,1
OPC.DeviceGroup.PPR.1S.IFP96001_CBR,1
OPC.DeviceGroup.PPR.1S.IFP96001_CONV1,1
OPC.DeviceGroup.PPR.1S.IFP96001_CONV2,1
OPC.DeviceGroup.PPR.1S.IFP96001_ELD,1
OPC.DeviceGroup.PPR.1S.IFP96001_FAN,1
OPC.DeviceGroup.PPR.1S.IFP96001_PSU1,1
OPC.DeviceGroup.PPR.1S.IFP96001_PSU2,1
OPC.DeviceGroup.PPR.1S.IFP96001_SF,1
OPC.DeviceGroup.PPR.1S.IFP96001_TRMST,1
OPC.DeviceGroup.PPR.1S.IFP96001_XA,1
OPC.DeviceGroup.PPR.1S.IFP96002_CBR,1
OPC.DeviceGroup.PPR.1S.IFP96002_CONV1,1
OPC.DeviceGroup.PPR.1S.IFP96002_CONV2,1
OPC.DeviceGroup.PPR.1S.IFP96002_ELD,1
#OPC.DeviceGroup.PPR.1S.IFP96002_FAN,1
OPC.DeviceGroup.PPR.1S.IFP96002_FAN,1
OPC.DeviceGroup.PPR.1S.IFP96002_PSU1,1
OPC.DeviceGroup.PPR.1S.IFP96002_PSU2,1
OPC.DeviceGroup.PPR.1S.IFP96002_SF,1
OPC.DeviceGroup.PPR.1S.IFP96002_TRMST,1
OPC.DeviceGroup.PPR.1S.IFP96002_XA,1
OPC.DeviceGroup.PPR.1S.IFP96003_CBR,1
OPC.DeviceGroup.PPR.1S.IFP96003_CONV1,1
OPC.DeviceGroup.PPR.1S.IFP96003_CONV2,1
OPC.DeviceGroup.PPR.1S.IFP96003_ELD,1
OPC.DeviceGroup.PPR.1S.IFP96003_FAN,1
OPC.DeviceGroup.PPR.1S.IFP96003_PSU1,1
OPC.DeviceGroup.PPR.1S.IFP96003_PSU2,1
OPC.DeviceGroup.PPR.1S.IFP96003_SF,1
OPC.DeviceGroup.PPR.1S.IFP96003_TRMST,1
OPC.DeviceGroup.PPR.1S.IFP96003_XA,1
OPC.DeviceGroup.PPR.1S.IFP96004_CBR,1
OPC.DeviceGroup.PPR.1S.IFP96004_CONV1,1
OPC.DeviceGroup.PPR.1S.IFP96004_CONV2,1
OPC.DeviceGroup.PPR.1S.IFP96004_ELD,1
OPC.DeviceGroup.PPR.1S.IFP96004_FAN,1
OPC.DeviceGroup.PPR.1S.IFP96004_PSU1,1
OPC.DeviceGroup.PPR.1S.IFP96004_PSU2,1
OPC.DeviceGroup.PPR.1S.IFP96004_SF,1
OPC.DeviceGroup.PPR.1S.IFP96004_TRMST,1
OPC.DeviceGroup.PPR.1S.IFP96004_XA,1
OPC.DeviceGroup.PPR.1S.IFP96005_CBR,1
OPC.DeviceGroup.PPR.1S.IFP96005_CONV1,1
OPC.DeviceGroup.PPR.1S.IFP96005_CONV2,1
OPC.DeviceGroup.PPR.1S.IFP96005_ELD,1
OPC.DeviceGroup.PPR.1S.IFP96005_FAN,1
OPC.DeviceGroup.PPR.1S.IFP96005_PSU1,1
OPC.DeviceGroup.PPR.1S.IFP96005_PSU2,1
OPC.DeviceGroup.PPR.1S.IFP96005_SF,1
OPC.DeviceGroup.PPR.1S.IFP96005_TRMST,1
OPC.DeviceGroup.PPR.1S.IFP96005_XA,1
OPC.DeviceGroup.PPR.1S.IFP96005_CBR,1
OPC.DeviceGroup.PPR.1S.IFP96005_CONV1,1
OPC.DeviceGroup.PPR.1S.IFP96005_CONV2,1
OPC.DeviceGroup.PPR.1S.IFP96005_ELD,1
OPC.DeviceGroup.PPR.1S.IFP96005_FAN,1
OPC.DeviceGroup.PPR.1S.IFP96005_PSU1,1
OPC.DeviceGroup.PPR.1S.IFP96005_PSU2,1
OPC.DeviceGroup.PPR.1S.IFP96005_SF,1
OPC.DeviceGroup.PPR.1S.IFP96005_TRMST,1
OPC.DeviceGroup.PPR.1S.IFP96005_XA,1
OPC.DeviceGroup.PPR.1S.IFP96017_L1_FLT,0
OPC.DeviceGroup.PPR.1S.IFP96017_L2_FLT,0
OPC.DeviceGroup.PPR.1S.IFP96017_L3_FLT,0
OPC.DeviceGroup.PPR.1S.IFP96017_L4_FLT,0
OPC.DeviceGroup.PPR.1S.IFP96017_L5_FLT,0
OPC.DeviceGroup.PPR.1S.IFP96017_L6_FLT,0
OPC.DeviceGroup.PPR.1S.IFP96018_L1_FLT,0
OPC.DeviceGroup.PPR.1S.IFP96018_L2_FLT,0
OPC.DeviceGroup.PPR.1S.IFP96018_L3_FLT,0
OPC.DeviceGroup.PPR.1S.IFP96018_L4_FLT,0
OPC.DeviceGroup.PPR.1S.IFP96018_L5_FLT,0
OPC.DeviceGroup.PPR.1S.IFP96018_L6_FLT,0
OPC.DeviceGroup.PPR.1S.IFP96019_L1_FLT,0
OPC.DeviceGroup.PPR.1S.IFP96019_L2_FLT,0
OPC.DeviceGroup.PPR.1S.IFP96019_L3_FLT,0
OPC.DeviceGroup.PPR.1S.IFP96019_L4_FLT,0
OPC.DeviceGroup.PPR.1S.IFP96019_L5_FLT,0
OPC.DeviceGroup.PPR.1S.IFP96027_2PSU1,1
OPC.DeviceGroup.PPR.1S.IFP96027_2PSU2,1
OPC.DeviceGroup.PPR.1S.IFP96027_ELD,1
OPC.DeviceGroup.PPR.1S.IFP96027_PSU1,1
OPC.DeviceGroup.PPR.1S.IFP96027_PSU2,1
OPC.DeviceGroup.PPR.1S.IFP96027_PSU3,1
OPC.DeviceGroup.PPR.1S.IFP96027_PSU4,1
OPC.DeviceGroup.PPR.1S.IFP96027_SF,1
OPC.DeviceGroup.PPR.1S.IFP96027_XA,1
OPC.DeviceGroup.PPR.1S.ISP97001_CBR,1
OPC.DeviceGroup.PPR.1S.ISP97001_CONV1,1
OPC.DeviceGroup.PPR.1S.ISP97001_CONV2,1
OPC.DeviceGroup.PPR.1S.ISP97001_ELD,1
OPC.DeviceGroup.PPR.1S.ISP97001_FAN,1
OPC.DeviceGroup.PPR.1S.ISP97001_PSU1,1
OPC.DeviceGroup.PPR.1S.ISP97001_PSU2,1
OPC.DeviceGroup.PPR.1S.ISP97001_SF,1
OPC.DeviceGroup.PPR.1S.ISP97001_TRMST,1
OPC.DeviceGroup.PPR.1S.ISP97001_XA,1
OPC.DeviceGroup.PPR.1S.ISP97003_CBR,1
OPC.DeviceGroup.PPR.1S.ISP97003_CONV1,1
OPC.DeviceGroup.PPR.1S.ISP97003_CONV2,1
OPC.DeviceGroup.PPR.1S.ISP97003_ELD,1
OPC.DeviceGroup.PPR.1S.ISP97003_FAN,1
OPC.DeviceGroup.PPR.1S.ISP97003_PSU1,1
OPC.DeviceGroup.PPR.1S.ISP97003_PSU2,1
OPC.DeviceGroup.PPR.1S.ISP97003_SF,1
OPC.DeviceGroup.PPR.1S.ISP97003_TRMST,1
OPC.DeviceGroup.PPR.1S.ISP97003_XA,1
OPC.DeviceGroup.PPR.1S.ISP97012_S02,0
OPC.DeviceGroup.PPR.1S.ISP97012_S03,0
OPC.DeviceGroup.PPR.1S.ISP97012_S04,0
OPC.DeviceGroup.PPR.1S.ISP97012_S05,0
OPC.DeviceGroup.PPR.1S.ISP97012_S06,0
OPC.DeviceGroup.PPR.1S.ISP97013_S02,0
OPC.DeviceGroup.PPR.1S.ISP97013_S03,0
OPC.DeviceGroup.PPR.1S.ISP97013_S04,0
OPC.DeviceGroup.PPR.1S.ISP97013_S05,0
OPC.DeviceGroup.PPR.1S.ISP97013_S06,0
OPC.DeviceGroup.PPR.1S.ISP97014_S01,0
OPC.DeviceGroup.PPR.1S.ISP97014_S02,0
OPC.DeviceGroup.PPR.1S.ISP97014_S03,0
OPC.DeviceGroup.PPR.1S.KM31002,4
OPC.DeviceGroup.PPR.1S.KM31007,5
OPC.DeviceGroup.PPR.1S.KM31007,5
OPC.DeviceGroup.PPR.1S.KM31012,5
OPC.DeviceGroup.PPR.1S.LA30050,0
OPC.DeviceGroup.PPR.1S.LA31007,0
OPC.DeviceGroup.PPR.1S.LA31058,0
OPC.DeviceGroup.PPR.1S.LA31078,0
OPC.DeviceGroup.PPR.1S.LA31094,0
OPC.DeviceGroup.PPR.1S.LA31110,0
OPC.DeviceGroup.PPR.1S.LB17100B,0
OPC.DeviceGroup.PPR.1S.LB17105B,0
OPC.DeviceGroup.PPR.1S.LB17110B,0
OPC.DeviceGroup.PPR.1S.LB17120B,0
OPC.DeviceGroup.PPR.1S.LB17125B,0
OPC.DeviceGroup.PPR.1S.LB17135B,0
OPC.DeviceGroup.PPR.1S.LB17140B,0
OPC.DeviceGroup.PPR.1S.LB17145B,0
OPC.DeviceGroup.PPR.1S.LB17155B,0
OPC.DeviceGroup.PPR.1S.LB17160B,0
OPC.DeviceGroup.PPR.1S.LB17165B,0
OPC.DeviceGroup.PPR.1S.LB17170B,0
OPC.DeviceGroup.PPR.1S.LB20020,0
OPC.DeviceGroup.PPR.1S.LB20021,0
OPC.DeviceGroup.PPR.1S.LB20023,0
OPC.DeviceGroup.PPR.1S.LB20024,0
OPC.DeviceGroup.PPR.1S.LB20025,0
OPC.DeviceGroup.PPR.1S.LB20055,0
OPC.DeviceGroup.PPR.1S.LB20057,0
OPC.DeviceGroup.PPR.1S.LB20058,0
OPC.DeviceGroup.PPR.1S.LB20059,0
OPC.DeviceGroup.PPR.1S.LB20060,0
OPC.DeviceGroup.PPR.1S.LB20093,0
OPC.DeviceGroup.PPR.1S.LB20096,0
OPC.DeviceGroup.PPR.1S.LB20097,0
OPC.DeviceGroup.PPR.1S.LB20098,0
OPC.DeviceGroup.PPR.1S.LB20099,0
OPC.DeviceGroup.PPR.1S.LB20147,0
OPC.DeviceGroup.PPR.1S.LB20148,0
OPC.DeviceGroup.PPR.1S.LB22056,0
OPC.DeviceGroup.PPR.1S.LB22057,0
OPC.DeviceGroup.PPR.1S.LB22058,0
OPC.DeviceGroup.PPR.1S.LB34041,0
OPC.DeviceGroup.PPR.1S.LB34042,0
OPC.DeviceGroup.PPR.1S.LB34043,0
OPC.DeviceGroup.PPR.1S.LB35025,0
OPC.DeviceGroup.PPR.1S.LB35026,0
OPC.DeviceGroup.PPR.1S.LB35027,0
OPC.DeviceGroup.PPR.1S.LB43103,0
OPC.DeviceGroup.PPR.1S.LB43104,0
OPC.DeviceGroup.PPR.1S.LB43105,0
OPC.DeviceGroup.PPR.1S.LB43203,0
OPC.DeviceGroup.PPR.1S.LB43204,0
OPC.DeviceGroup.PPR.1S.LB43205,0
OPC.DeviceGroup.PPR.1S.LB43303,0
OPC.DeviceGroup.PPR.1S.LB43304,0
OPC.DeviceGroup.PPR.1S.LB43305,0
OPC.DeviceGroup.PPR.1S.LB43414,0
OPC.DeviceGroup.PPR.1S.LB43514,0
OPC.DeviceGroup.PPR.1S.LB44581,0
OPC.DeviceGroup.PPR.1S.LB48003,0
OPC.DeviceGroup.PPR.1S.LB49052,0
OPC.DeviceGroup.PPR.1S.LB49446,0
OPC.DeviceGroup.PPR.1S.LB52509,0
OPC.DeviceGroup.PPR.1S.LB52510,0
OPC.DeviceGroup.PPR.1S.LB53504,0
OPC.DeviceGroup.PPR.1S.LB53805,0
OPC.DeviceGroup.PPR.1S.LB63510,0
OPC.DeviceGroup.PPR.1S.LB63521,0
OPC.DeviceGroup.PPR.1S.LB63532,0
OPC.DeviceGroup.PPR.1S.LB63533,0
OPC.DeviceGroup.PPR.1S.LB63691,0
OPC.DeviceGroup.PPR.1S.LB63692,0
OPC.DeviceGroup.PPR.1S.LB63693,0
OPC.DeviceGroup.PPR.1S.LBHH44548,0
OPC.DeviceGroup.PPR.1S.LBHH44571,0
OPC.DeviceGroup.PPR.1S.LBHH44599,0
OPC.DeviceGroup.PPR.1S.LBLL44548,0
OPC.DeviceGroup.PPR.1S.LBLL44571,0
OPC.DeviceGroup.PPR.1S.LBLL44599,0
OPC.DeviceGroup.PPR.1S.LSA48003B,1
OPC.DeviceGroup.PPR.1S.LSA48004B,1
OPC.DeviceGroup.PPR.1S.LSA48005A,1
OPC.DeviceGroup.PPR.1A.LI49447,4111.055176
OPC.DeviceGroup.PPR.1A.LI49448,2341.375488
OPC.DeviceGroup.PPR.1A.LI69058,1550
OPC.DeviceGroup.PPR.1A.LI69059,886.2336426
OPC.DeviceGroup.PPR.1S.LSALL20188B,0
OPC.DeviceGroup.PPR.1S.LSAHH43414,0
OPC.DeviceGroup.PPR.1S.LM17100B,0
OPC.DeviceGroup.PPR.1S.LM17105B,0
OPC.DeviceGroup.PPR.1S.LM17110B,0
OPC.DeviceGroup.PPR.1S.LM17120B,0
OPC.DeviceGroup.PPR.1S.LM17125B,0
OPC.DeviceGroup.PPR.1S.LM17135B,0
OPC.DeviceGroup.PPR.1S.LM17140B,0
OPC.DeviceGroup.PPR.1S.LM17145B,0
OPC.DeviceGroup.PPR.1S.LM17155B,0
OPC.DeviceGroup.PPR.1S.LM17160B,0
OPC.DeviceGroup.PPR.1S.LM17165B,0
OPC.DeviceGroup.PPR.1S.LM17170B,0
OPC.DeviceGroup.PPR.1S.LM20020,0
OPC.DeviceGroup.PPR.1S.LM20021,0
OPC.DeviceGroup.PPR.1S.LM20023,0
OPC.DeviceGroup.PPR.1S.LM20024,0
OPC.DeviceGroup.PPR.1S.LM20025,0
OPC.DeviceGroup.PPR.1S.LM20055,0
OPC.DeviceGroup.PPR.1S.LM20057,0
OPC.DeviceGroup.PPR.1S.LM20058,0
OPC.DeviceGroup.PPR.1S.LM20059,0
OPC.DeviceGroup.PPR.1S.LM20060,0
OPC.DeviceGroup.PPR.1S.LM20093,0
OPC.DeviceGroup.PPR.1S.LM20096,0
OPC.DeviceGroup.PPR.1S.LM20097,0
OPC.DeviceGroup.PPR.1S.LM20098,0
OPC.DeviceGroup.PPR.1S.LM20099,0
OPC.DeviceGroup.PPR.1S.LM20147,0
OPC.DeviceGroup.PPR.1S.LM20148,0
OPC.DeviceGroup.PPR.1S.LM22056,0
OPC.DeviceGroup.PPR.1S.LM22057,0
OPC.DeviceGroup.PPR.1S.LM22058,0
OPC.DeviceGroup.PPR.1S.LM34041,0
OPC.DeviceGroup.PPR.1S.LM34042,0
OPC.DeviceGroup.PPR.1S.LM34043,0
OPC.DeviceGroup.PPR.1S.LM35025,0
OPC.DeviceGroup.PPR.1S.LM35026,0
OPC.DeviceGroup.PPR.1S.LM35027,0
OPC.DeviceGroup.PPR.1S.LM43103,0
OPC.DeviceGroup.PPR.1S.LM43104,0
OPC.DeviceGroup.PPR.1S.LM43105,0
OPC.DeviceGroup.PPR.1S.LM43203,0
OPC.DeviceGroup.PPR.1S.LM43204,0
OPC.DeviceGroup.PPR.1S.LM43205,0
OPC.DeviceGroup.PPR.1S.LM43303,0
OPC.DeviceGroup.PPR.1S.LM43304,0
OPC.DeviceGroup.PPR.1S.LM43305,0
OPC.DeviceGroup.PPR.1S.LM43414,0
OPC.DeviceGroup.PPR.1S.LM43514,0
OPC.DeviceGroup.PPR.1S.LM49052,1
OPC.DeviceGroup.PPR.1S.LM49446,1
OPC.DeviceGroup.PPR.1S.LM52509,0
OPC.DeviceGroup.PPR.1S.LM52510,0
OPC.DeviceGroup.PPR.1S.LM53504,0
OPC.DeviceGroup.PPR.1S.LM53805,0
OPC.DeviceGroup.PPR.1S.LM63510,0
OPC.DeviceGroup.PPR.1S.LM63521,0
OPC.DeviceGroup.PPR.1S.LM63532,0
OPC.DeviceGroup.PPR.1S.LM63533,0
OPC.DeviceGroup.PPR.1S.LM63691,0
OPC.DeviceGroup.PPR.1S.LM63692,0
OPC.DeviceGroup.PPR.1S.LM63693,0
OPC.DeviceGroup.PPR.1S.LMHH44548,0
OPC.DeviceGroup.PPR.1S.LMHH44571,0
OPC.DeviceGroup.PPR.1S.LMHH44599,0
OPC.DeviceGroup.PPR.1S.LMHHLL44581,0
OPC.DeviceGroup.PPR.1S.LMLL44548,0
OPC.DeviceGroup.PPR.1S.LMLL44571,0
OPC.DeviceGroup.PPR.1S.LMLL44599,0
OPC.DeviceGroup.PPR.1S.LSALL43103,0
OPC.DeviceGroup.PPR.1S.LSALL43104,1
OPC.DeviceGroup.PPR.1S.LSALL43105,0
OPC.DeviceGroup.PPR.1S.LSALL43203,0
OPC.DeviceGroup.PPR.1S.LSALL43204,0
OPC.DeviceGroup.PPR.1S.LSALL43205,0
OPC.DeviceGroup.PPR.1S.LSALL43303,0
OPC.DeviceGroup.PPR.1S.LSALL43304,1
OPC.DeviceGroup.PPR.1S.LSALL43305,0
OPC.DeviceGroup.PPR.1S.LSALL43414,0
OPC.DeviceGroup.PPR.1S.LSALL43514,0
OPC.DeviceGroup.PPR.1S.LSA31007,1
OPC.DeviceGroup.PPR.1S.LSA31058,1
OPC.DeviceGroup.PPR.1S.LSA31094,0
OPC.DeviceGroup.PPR.1S.LSA48003A,1
OPC.DeviceGroup.PPR.1S.LSA48004A,1
OPC.DeviceGroup.PPR.1S.LSA48005A,1
OPC.DeviceGroup.PPR.1S.LSA48005B,1
OPC.DeviceGroup.PPR.1S.LSA60006A,0
OPC.DeviceGroup.PPR.1S.LSA60006B,1
OPC.DeviceGroup.PPR.1S.LSA60028A,0
OPC.DeviceGroup.PPR.1S.LSA60028B,1
OPC.DeviceGroup.PPR.1S.LSB48003A,0
OPC.DeviceGroup.PPR.1S.LSB48003B,0
OPC.DeviceGroup.PPR.1S.LSB48004A,0
OPC.DeviceGroup.PPR.1S.LSB48004B,0
OPC.DeviceGroup.PPR.1S.LSB48005A,0
OPC.DeviceGroup.PPR.1S.LSB48005B,0
OPC.DeviceGroup.PPR.1S.LSM48003A,0
OPC.DeviceGroup.PPR.1S.LSM48003B,0
OPC.DeviceGroup.PPR.1S.LSM48004A,0
OPC.DeviceGroup.PPR.1S.LSM48004B,0
OPC.DeviceGroup.PPR.1S.LSM48005A,0
OPC.DeviceGroup.PPR.1S.LSM48005B,0
OPC.DeviceGroup.PPR.1S.LALL17100B,0
OPC.DeviceGroup.PPR.1S.LALL17105B,0
OPC.DeviceGroup.PPR.1S.LALL17110B,0
OPC.DeviceGroup.PPR.1S.LALL17120B,0
OPC.DeviceGroup.PPR.1S.LALL17125B,0
OPC.DeviceGroup.PPR.1S.LALL17135B,0
OPC.DeviceGroup.PPR.1S.LALL17140B,0
OPC.DeviceGroup.PPR.1S.LALL17145B,1
OPC.DeviceGroup.PPR.1S.LALL17155B,0
OPC.DeviceGroup.PPR.1S.LALL17160B,0
OPC.DeviceGroup.PPR.1S.LALL17165B,0
OPC.DeviceGroup.PPR.1S.LALL17170B,0
OPC.DeviceGroup.PPR.1S.LALL20021,0
OPC.DeviceGroup.PPR.1S.LALL20025,0
OPC.DeviceGroup.PPR.1S.LALL20055,0
OPC.DeviceGroup.PPR.1S.LALL20060,0
OPC.DeviceGroup.PPR.1S.LALL20097,0
OPC.DeviceGroup.PPR.1S.LALL20098,0
OPC.DeviceGroup.PPR.1S.LALL20148,0
OPC.DeviceGroup.PPR.1S.LALL22056,0
OPC.DeviceGroup.PPR.1S.LALL22057,0
OPC.DeviceGroup.PPR.1S.LALL22058,0
OPC.DeviceGroup.PPR.1S.LSALL44581,0
OPC.DeviceGroup.PPR.1S.LSALL53504,0
OPC.DeviceGroup.PPR.1S.LSALL63521,0
OPC.DeviceGroup.PPR.1S.M59077,4
OPC.DeviceGroup.PPR.1S.M59566,4
OPC.DeviceGroup.PPR.1S.P10001B,5
OPC.DeviceGroup.PPR.1S.P10001C,5
OPC.DeviceGroup.PPR.1S.P10001D,5
OPC.DeviceGroup.PPR.1S.P10001E,5
OPC.DeviceGroup.PPR.1S.P10001F,5
OPC.DeviceGroup.PPR.1S.P10001G,5
OPC.DeviceGroup.PPR.1S.P10001H,5
OPC.DeviceGroup.PPR.1S.P10001J,5
OPC.DeviceGroup.PPR.1S.P10001K,5
OPC.DeviceGroup.PPR.1S.P10001L,5
OPC.DeviceGroup.PPR.1S.P10001M,5
OPC.DeviceGroup.PPR.1S.P10001N,5
OPC.DeviceGroup.PPR.1S.P10001P,5
OPC.DeviceGroup.PPR.1S.P10001R,4
OPC.DeviceGroup.PPR.1S.P10001S,5
OPC.DeviceGroup.PPR.1S.P10001T,5
OPC.DeviceGroup.PPR.1S.P10001V,5
OPC.DeviceGroup.PPR.1S.P17100A,4
OPC.DeviceGroup.PPR.1S.P17100B,4
OPC.DeviceGroup.PPR.1S.P17100C,4
OPC.DeviceGroup.PPR.1S.P17100D,4
OPC.DeviceGroup.PPR.1S.P17100E,4
OPC.DeviceGroup.PPR.1S.P17100G,4
OPC.DeviceGroup.PPR.1S.P17100H,4
OPC.DeviceGroup.PPR.1S.P17100J,4
OPC.DeviceGroup.PPR.1S.P17100K,4
OPC.DeviceGroup.PPR.1S.P17100L,4
OPC.DeviceGroup.PPR.1S.P17100M,4
OPC.DeviceGroup.PPR.1S.P17100N,4
OPC.DeviceGroup.PPR.1S.P20009A,4
OPC.DeviceGroup.PPR.1S.P20009B,5
OPC.DeviceGroup.PPR.1S.P20009C,5
OPC.DeviceGroup.PPR.1S.P20009D,4
OPC.DeviceGroup.PPR.1S.P20010A,4
OPC.DeviceGroup.PPR.1S.P20010B,5
OPC.DeviceGroup.PPR.1S.P20021,4
OPC.DeviceGroup.PPR.1S.P22004A,4
OPC.DeviceGroup.PPR.1S.P22004B,5
OPC.DeviceGroup.PPR.1S.P23004A,4
OPC.DeviceGroup.PPR.1S.P23004B,4
OPC.DeviceGroup.PPR.1S.P34003A,4
OPC.DeviceGroup.PPR.1S.P34003B,4
OPC.DeviceGroup.PPR.1S.P36003,4
OPC.DeviceGroup.PPR.1S.P36008A,4
OPC.DeviceGroup.PPR.1S.P36014A,4
OPC.DeviceGroup.PPR.1S.P36014B,5
OPC.DeviceGroup.PPR.1S.P43003A,5
OPC.DeviceGroup.PPR.1S.P43003B,4
OPC.DeviceGroup.PPR.1S.P43004A,5
OPC.DeviceGroup.PPR.1S.P43004B,5
OPC.DeviceGroup.PPR.1S.P43004C,4
OPC.DeviceGroup.PPR.1S.P43005A,5
OPC.DeviceGroup.PPR.1S.P43005B,4
OPC.DeviceGroup.PPR.1S.P48003A,5
OPC.DeviceGroup.PPR.1S.P48003B,4
OPC.DeviceGroup.PPR.1S.P48006A,4
OPC.DeviceGroup.PPR.1S.P48006B,4
OPC.DeviceGroup.PPR.1S.P48009,4
OPC.DeviceGroup.PPR.1S.P49001A,5
OPC.DeviceGroup.PPR.1S.P49001B,4
OPC.DeviceGroup.PPR.1S.P49002A,4
OPC.DeviceGroup.PPR.1S.P49002B,4
OPC.DeviceGroup.PPR.1S.P49002C,4
OPC.DeviceGroup.PPR.1S.P49002D,4
OPC.DeviceGroup.PPR.1S.P49003_4A,4
OPC.DeviceGroup.PPR.1S.P49003_4B,4
OPC.DeviceGroup.PPR.1S.P49005A,4
OPC.DeviceGroup.PPR.1S.P49005B,4
OPC.DeviceGroup.PPR.1S.P49007A,5
OPC.DeviceGroup.PPR.1S.P49007B,4
OPC.DeviceGroup.PPR.1S.P49009,5
OPC.DeviceGroup.PPR.1S.P49010,4
OPC.DeviceGroup.PPR.1S.P49100,5
OPC.DeviceGroup.PPR.1S.P49101,4
OPC.DeviceGroup.PPR.1S.P49200,4
OPC.DeviceGroup.PPR.1S.P49201,4
OPC.DeviceGroup.PPR.1S.P49300,4
OPC.DeviceGroup.PPR.1S.P49301,4
OPC.DeviceGroup.PPR.1S.P49400,4
OPC.DeviceGroup.PPR.1S.P49401,4
OPC.DeviceGroup.PPR.1S.P49500,4
OPC.DeviceGroup.PPR.1S.P49501,5
OPC.DeviceGroup.PPR.1S.P49600,4
OPC.DeviceGroup.PPR.1S.P49601,4
OPC.DeviceGroup.PPR.1S.P53009A,4
OPC.DeviceGroup.PPR.1S.P53009B,4
OPC.DeviceGroup.PPR.1S.P54001,4
OPC.DeviceGroup.PPR.1S.P58003,4
OPC.DeviceGroup.PPR.1S.P59003A,5
OPC.DeviceGroup.PPR.1S.P59003B,4
OPC.DeviceGroup.PPR.1S.P59011A,4
OPC.DeviceGroup.PPR.1S.P59011B,5
OPC.DeviceGroup.PPR.1S.P59021A,5
OPC.DeviceGroup.PPR.1S.P59021B,4
OPC.DeviceGroup.PPR.1S.P59022A,5
OPC.DeviceGroup.PPR.1S.P59022B,4
OPC.DeviceGroup.PPR.1S.P59032,4
OPC.DeviceGroup.PPR.1S.P59051,4
OPC.DeviceGroup.PPR.1S.P59052,4
OPC.DeviceGroup.PPR.1S.P59061A,4
OPC.DeviceGroup.PPR.1S.P59061B,4
OPC.DeviceGroup.PPR.1S.P59062A,4
OPC.DeviceGroup.PPR.1S.P59062B,4
OPC.DeviceGroup.PPR.1S.P59063A,5
OPC.DeviceGroup.PPR.1S.P59063B,4
OPC.DeviceGroup.PPR.1S.P59064A,5
OPC.DeviceGroup.PPR.1S.P59064B,4
OPC.DeviceGroup.PPR.1S.P59065A,4
OPC.DeviceGroup.PPR.1S.P59065B,5
OPC.DeviceGroup.PPR.1S.P59066A,4
OPC.DeviceGroup.PPR.1S.P59066B,5
OPC.DeviceGroup.PPR.1S.P59076A,4
OPC.DeviceGroup.PPR.1S.P59076B,5
OPC.DeviceGroup.PPR.1S.P69002A,5
OPC.DeviceGroup.PPR.1S.P69002B,4
OPC.DeviceGroup.PPR.1S.P69002C,5
OPC.DeviceGroup.PPR.1S.P69005,4
OPC.DeviceGroup.PPR.1S.PB10022,0
OPC.DeviceGroup.PPR.1S.PB10023,0
OPC.DeviceGroup.PPR.1S.PB10024,0
OPC.DeviceGroup.PPR.1S.PB10025,0
OPC.DeviceGroup.PPR.1S.PB10026,0
OPC.DeviceGroup.PPR.1S.PB10027,0
OPC.DeviceGroup.PPR.1S.PB10028,0
OPC.DeviceGroup.PPR.1S.PB10031A,0
OPC.DeviceGroup.PPR.1S.PB10031A1,0
OPC.DeviceGroup.PPR.1S.PB10031B,0
OPC.DeviceGroup.PPR.1S.PB10031B1,0
OPC.DeviceGroup.PPR.1S.PB10031C,0
OPC.DeviceGroup.PPR.1S.PB10031C1,0
OPC.DeviceGroup.PPR.1S.PB10033A,0
OPC.DeviceGroup.PPR.1S.PB10033A1,0
OPC.DeviceGroup.PPR.1S.PB10033B,0
OPC.DeviceGroup.PPR.1S.PB10033B1,0
OPC.DeviceGroup.PPR.1S.PB10033C,0
OPC.DeviceGroup.PPR.1S.PB10033C1,0
OPC.DeviceGroup.PPR.1S.PB10801,0
OPC.DeviceGroup.PPR.1S.PB10802,0
OPC.DeviceGroup.PPR.1S.PB10803,0
OPC.DeviceGroup.PPR.1S.PB10804,0
OPC.DeviceGroup.PPR.1S.PB10805,0
OPC.DeviceGroup.PPR.1S.PB10806,0
OPC.DeviceGroup.PPR.1S.PB10807,0
OPC.DeviceGroup.PPR.1S.PB10808,0
OPC.DeviceGroup.PPR.1S.PB10809,0
OPC.DeviceGroup.PPR.1S.PB10810,0
OPC.DeviceGroup.PPR.1S.PB10811,0
OPC.DeviceGroup.PPR.1S.PB10812,0
OPC.DeviceGroup.PPR.1S.PB10813,0
OPC.DeviceGroup.PPR.1S.PB10814,0
OPC.DeviceGroup.PPR.1S.PB10815,0
OPC.DeviceGroup.PPR.1S.PB10816,0
OPC.DeviceGroup.PPR.1S.PB10817,0
OPC.DeviceGroup.PPR.1S.PB10818,0
OPC.DeviceGroup.PPR.1S.PB10819,0
OPC.DeviceGroup.PPR.1S.PB10820,0
OPC.DeviceGroup.PPR.1S.PB10821,0
OPC.DeviceGroup.PPR.1S.PB10822,0
OPC.DeviceGroup.PPR.1S.PB17002,0
OPC.DeviceGroup.PPR.1S.PB17177,0
OPC.DeviceGroup.PPR.1S.PB17192,0
OPC.DeviceGroup.PPR.1S.PB17206,0
OPC.DeviceGroup.PPR.1S.PB17248,0
OPC.DeviceGroup.PPR.1S.PB17276,0
OPC.DeviceGroup.PPR.1S.PB17290,0
OPC.DeviceGroup.PPR.1S.PB17304,0
OPC.DeviceGroup.PPR.1S.PB17332,0
OPC.DeviceGroup.PPR.1S.PB17346,0
OPC.DeviceGroup.PPR.1S.PB17360,0
OPC.DeviceGroup.PPR.1S.PB17374,0
OPC.DeviceGroup.PPR.1S.PB17470,0
OPC.DeviceGroup.PPR.1S.PB20154,0
OPC.DeviceGroup.PPR.1S.PB22062,0
OPC.DeviceGroup.PPR.1S.PB22070,0
OPC.DeviceGroup.PPR.1S.PB23004,0
OPC.DeviceGroup.PPR.1S.PB23006,0
OPC.DeviceGroup.PPR.1S.PB23007,0
OPC.DeviceGroup.PPR.1S.PB23009,0
OPC.DeviceGroup.PPR.1S.PB43010,0
OPC.DeviceGroup.PPR.1S.PB43027,0
OPC.DeviceGroup.PPR.1S.PB43031,0
OPC.DeviceGroup.PPR.1S.PB43406,0
OPC.DeviceGroup.PPR.1S.PB43506,0
OPC.DeviceGroup.PPR.1S.PB44547,0
OPC.DeviceGroup.PPR.1S.PB44575,0
OPC.DeviceGroup.PPR.1S.PB44578,0
OPC.DeviceGroup.PPR.1S.PB44621,0
OPC.DeviceGroup.PPR.1S.PB44623,0
OPC.DeviceGroup.PPR.1S.PB44625,0
OPC.DeviceGroup.PPR.1S.PB49027,0
OPC.DeviceGroup.PPR.1S.PB49031A,0
OPC.DeviceGroup.PPR.1S.PB49031A1,0
OPC.DeviceGroup.PPR.1S.PB49031B,0
OPC.DeviceGroup.PPR.1S.PB49031B1,0
OPC.DeviceGroup.PPR.1S.PB49031C,0
OPC.DeviceGroup.PPR.1S.PB49031C1,0
OPC.DeviceGroup.PPR.1S.PB49033A,0
OPC.DeviceGroup.PPR.1S.PB49033A1,0
OPC.DeviceGroup.PPR.1S.PB49033B,0
OPC.DeviceGroup.PPR.1S.PB49033B1,0
OPC.DeviceGroup.PPR.1S.PB49033C,0
OPC.DeviceGroup.PPR.1S.PB49033C1,0
OPC.DeviceGroup.PPR.1S.PB49125,0
OPC.DeviceGroup.PPR.1S.PB49126,0
OPC.DeviceGroup.PPR.1S.PB49821,0
OPC.DeviceGroup.PPR.1S.PB49822,0
OPC.DeviceGroup.PPR.1S.PB61056,0
OPC.DeviceGroup.PPR.1S.PB61057,0
OPC.DeviceGroup.PPR.1S.PB61058,0
OPC.DeviceGroup.PPR.1S.PB63503,0
OPC.DeviceGroup.PPR.1S.PB63504,0
OPC.DeviceGroup.PPR.1S.PM10022,0
OPC.DeviceGroup.PPR.1S.PM10023,0
OPC.DeviceGroup.PPR.1S.PM10024,0
OPC.DeviceGroup.PPR.1S.PM10026,0
OPC.DeviceGroup.PPR.1S.PM10027,0
OPC.DeviceGroup.PPR.1S.PM10028,0
OPC.DeviceGroup.PPR.1S.PM10031A,0
OPC.DeviceGroup.PPR.1S.PM10031A1,0
OPC.DeviceGroup.PPR.1S.PM10031B,0
OPC.DeviceGroup.PPR.1S.PM10031B1,0
OPC.DeviceGroup.PPR.1S.PM10031C,0
OPC.DeviceGroup.PPR.1S.PM10031C1,0
OPC.DeviceGroup.PPR.1S.PM10033A,0
OPC.DeviceGroup.PPR.1S.PM10033A1,0
OPC.DeviceGroup.PPR.1S.PM10033B,0
OPC.DeviceGroup.PPR.1S.PM10033B1,0
OPC.DeviceGroup.PPR.1S.PM10033C,0
OPC.DeviceGroup.PPR.1S.PM10033C1,0
OPC.DeviceGroup.PPR.1S.PM10801,0
OPC.DeviceGroup.PPR.1S.PM10802,0
OPC.DeviceGroup.PPR.1S.PM10803,0
OPC.DeviceGroup.PPR.1S.PM10804,0
OPC.DeviceGroup.PPR.1S.PM10805,0
OPC.DeviceGroup.PPR.1S.PM10806,0
OPC.DeviceGroup.PPR.1S.PM10807,0
OPC.DeviceGroup.PPR.1S.PM10808,0
OPC.DeviceGroup.PPR.1S.PM10809,0
OPC.DeviceGroup.PPR.1S.PM10810,0
OPC.DeviceGroup.PPR.1S.PM10811,0
OPC.DeviceGroup.PPR.1S.PM10812,0
OPC.DeviceGroup.PPR.1S.PM10813,0
OPC.DeviceGroup.PPR.1S.PM10814,0
OPC.DeviceGroup.PPR.1S.PM10815,0
OPC.DeviceGroup.PPR.1S.PM10816,0
OPC.DeviceGroup.PPR.1S.PM10817,0
OPC.DeviceGroup.PPR.1S.PM10818,0
OPC.DeviceGroup.PPR.1S.PM10819,0
OPC.DeviceGroup.PPR.1S.PM10820,0
OPC.DeviceGroup.PPR.1S.PM10821,0
OPC.DeviceGroup.PPR.1S.PM10822,0
OPC.DeviceGroup.PPR.1S.PM17002,0
OPC.DeviceGroup.PPR.1S.PM17177,0
OPC.DeviceGroup.PPR.1S.PM17192,0
OPC.DeviceGroup.PPR.1S.PM17206,0
OPC.DeviceGroup.PPR.1S.PM17248,0
OPC.DeviceGroup.PPR.1S.PM17276,0
OPC.DeviceGroup.PPR.1S.PM17290,0
OPC.DeviceGroup.PPR.1S.PM17304,0
OPC.DeviceGroup.PPR.1S.PM17332,0
OPC.DeviceGroup.PPR.1S.PM17346,0
OPC.DeviceGroup.PPR.1S.PM17360,0
OPC.DeviceGroup.PPR.1S.PM17374,0
OPC.DeviceGroup.PPR.1S.PM17470,0
OPC.DeviceGroup.PPR.1S.PM20154,0
OPC.DeviceGroup.PPR.1S.PM22062,1
OPC.DeviceGroup.PPR.1S.PM22070,1
OPC.DeviceGroup.PPR.1S.PM23004,0
OPC.DeviceGroup.PPR.1S.PM23006,0
OPC.DeviceGroup.PPR.1S.PM23007,0
OPC.DeviceGroup.PPR.1S.PM23009,0
OPC.DeviceGroup.PPR.1S.PM43010,1
OPC.DeviceGroup.PPR.1S.PM43027,0
OPC.DeviceGroup.PPR.1S.PM43031,0
OPC.DeviceGroup.PPR.1S.PM43406,0
OPC.DeviceGroup.PPR.1S.PM43506,0
OPC.DeviceGroup.PPR.1S.PM44547,0
OPC.DeviceGroup.PPR.1S.PM44575,0
OPC.DeviceGroup.PPR.1S.PM44578,0
OPC.DeviceGroup.PPR.1S.PM44621,0
OPC.DeviceGroup.PPR.1S.PM44623,0
OPC.DeviceGroup.PPR.1S.PM44625,0
OPC.DeviceGroup.PPR.1S.PM49027,0
OPC.DeviceGroup.PPR.1S.PM49031A,0
OPC.DeviceGroup.PPR.1S.PM49031A1,0
OPC.DeviceGroup.PPR.1S.PM49031B,0
OPC.DeviceGroup.PPR.1S.PM49031B1,0
OPC.DeviceGroup.PPR.1S.PM49031C,0
OPC.DeviceGroup.PPR.1S.PM49031C1,0
OPC.DeviceGroup.PPR.1S.PM49033A,0
OPC.DeviceGroup.PPR.1S.PM49033A1,0
OPC.DeviceGroup.PPR.1S.PM49033B,0
OPC.DeviceGroup.PPR.1S.PM49033B1,0
OPC.DeviceGroup.PPR.1S.PM49033C,0
OPC.DeviceGroup.PPR.1S.PM49033C1,0
OPC.DeviceGroup.PPR.1S.PM49125,0
OPC.DeviceGroup.PPR.1S.PM49126,0
OPC.DeviceGroup.PPR.1S.PM49821,0
OPC.DeviceGroup.PPR.1S.PM49822,0
OPC.DeviceGroup.PPR.1S.PM61056,0
OPC.DeviceGroup.PPR.1S.PM61057,0
OPC.DeviceGroup.PPR.1S.PM61058,0
OPC.DeviceGroup.PPR.1S.PM63503,0
OPC.DeviceGroup.PPR.1S.PM63504,0
OPC.DeviceGroup.PPR.1S.PALL10022,0
OPC.DeviceGroup.PPR.1S.PALL10023,0
OPC.DeviceGroup.PPR.1S.PALL10024,0
OPC.DeviceGroup.PPR.1S.PALL10026,0
OPC.DeviceGroup.PPR.1S.PALL10027,0
OPC.DeviceGroup.PPR.1S.PALL10028,0
OPC.DeviceGroup.PPR.1S.PALL10801,0
OPC.DeviceGroup.PPR.1S.PALL10802,1
OPC.DeviceGroup.PPR.1S.PALL10803,0
OPC.DeviceGroup.PPR.1S.PALL10804,0
OPC.DeviceGroup.PPR.1S.PALL10805,0
OPC.DeviceGroup.PPR.1S.PALL10806,0
OPC.DeviceGroup.PPR.1S.PALL10807,0
OPC.DeviceGroup.PPR.1S.PALL10808,1
OPC.DeviceGroup.PPR.1S.PALL10809,0
OPC.DeviceGroup.PPR.1S.PALL10810,0
OPC.DeviceGroup.PPR.1S.PALL10811,1
OPC.DeviceGroup.PPR.1S.PALL10812,0
OPC.DeviceGroup.PPR.1S.PALL10813,1
OPC.DeviceGroup.PPR.1S.PALL10814,0
OPC.DeviceGroup.PPR.1S.PALL10815,0
OPC.DeviceGroup.PPR.1S.PALL10816,0
OPC.DeviceGroup.PPR.1S.PALL10817,0
OPC.DeviceGroup.PPR.1S.PALL10818,0
OPC.DeviceGroup.PPR.1S.PALL10819,0
OPC.DeviceGroup.PPR.1S.PALL10820,0
OPC.DeviceGroup.PPR.1S.PALL10821,0
OPC.DeviceGroup.PPR.1S.PALL10822,0
OPC.DeviceGroup.PPR.1S.PAHH17002,0
OPC.DeviceGroup.PPR.1S.PALL17177,1
OPC.DeviceGroup.PPR.1S.PT17177SUO,0
OPC.DeviceGroup.PPR.1S.PALL17192,1
OPC.DeviceGroup.PPR.1S.PT17192SUO,0
OPC.DeviceGroup.PPR.1S.PALL17206,1
OPC.DeviceGroup.PPR.1S.PT17206SUO,0
OPC.DeviceGroup.PPR.1S.PALL17248,1
OPC.DeviceGroup.PPR.1S.PT17248SUO,0
OPC.DeviceGroup.PPR.1S.PALL17276,1
OPC.DeviceGroup.PPR.1S.PT17276SUO,0
OPC.DeviceGroup.PPR.1S.PALL17290,1
OPC.DeviceGroup.PPR.1S.PT17290SUO,0
OPC.DeviceGroup.PPR.1S.PALL17304,1
OPC.DeviceGroup.PPR.1S.PT17304SUO,0
OPC.DeviceGroup.PPR.1S.PALL17332,1
OPC.DeviceGroup.PPR.1S.PT17332SUO,0
OPC.DeviceGroup.PPR.1S.PALL17346,1
OPC.DeviceGroup.PPR.1S.PT17346SUO,0
OPC.DeviceGroup.PPR.1S.PALL17360,1
OPC.DeviceGroup.PPR.1S.PT17360SUO,0
OPC.DeviceGroup.PPR.1S.PALL17374,1
OPC.DeviceGroup.PPR.1S.PT17374SUO,0
OPC.DeviceGroup.PPR.1S.PALL17470,1
OPC.DeviceGroup.PPR.1S.PT17470SUO,0
OPC.DeviceGroup.PPR.1S.PAHH20154,0
OPC.DeviceGroup.PPR.1S.PAHH22062,0
OPC.DeviceGroup.PPR.1S.PAHH22070,0
OPC.DeviceGroup.PPR.1S.PAHH23004,0
OPC.DeviceGroup.PPR.1S.PAHH23006,0
OPC.DeviceGroup.PPR.1S.PALL23007,0
OPC.DeviceGroup.PPR.1S.PALL23009,0
OPC.DeviceGroup.PPR.1S.PSAHH43010,0
OPC.DeviceGroup.PPR.1S.PSALL43010,0
OPC.DeviceGroup.PPR.1S.PSAHH43027,0
OPC.DeviceGroup.PPR.1S.PSAHH43031,0
OPC.DeviceGroup.PPR.1S.PSAHH44621,0
OPC.DeviceGroup.PPR.1S.PSAHH44623,0
OPC.DeviceGroup.PPR.1S.PSAHH44625,0
OPC.DeviceGroup.PPR.1S.PSAHH49027,0
OPC.DeviceGroup.PPR.1S.PSAHH49125,0
OPC.DeviceGroup.PPR.1S.PSAHH49126,0
OPC.DeviceGroup.PPR.1S.PSALL61056,0
OPC.DeviceGroup.PPR.1S.PSALL61057,0
OPC.DeviceGroup.PPR.1S.PSALL61058,0
OPC.DeviceGroup.PPR.1S.SSSV10101,0
OPC.DeviceGroup.PPR.1S.SSSV10103,0
OPC.DeviceGroup.PPR.1S.SSSV10104,0
OPC.DeviceGroup.PPR.1S.SSSV10105,0
OPC.DeviceGroup.PPR.1S.SSSV10106,0
OPC.DeviceGroup.PPR.1S.SSSV10107,0
OPC.DeviceGroup.PPR.1S.SSSV10108,0
OPC.DeviceGroup.PPR.1S.SSSV10109,0
OPC.DeviceGroup.PPR.1S.SSSV10110,0
OPC.DeviceGroup.PPR.1S.SSSV10111,0
OPC.DeviceGroup.PPR.1S.SSSV10114,0
OPC.DeviceGroup.PPR.1S.SSSV10115,0
OPC.DeviceGroup.PPR.1S.SSSV10116,0
OPC.DeviceGroup.PPR.1S.SSSV10117,0
OPC.DeviceGroup.PPR.1S.SSSV10118,0
OPC.DeviceGroup.PPR.1S.SSSV10122,0
OPC.DeviceGroup.PPR.1S.SSSV49123,0
OPC.DeviceGroup.PPR.1S.SSSV49126,0
OPC.DeviceGroup.PPR.1S.SSSV49127,0
OPC.DeviceGroup.PPR.1S.SSSV49128,0
OPC.DeviceGroup.PPR.1S.SSSV49129,0
OPC.DeviceGroup.PPR.1S.SSSV49130,0
OPC.DeviceGroup.PPR.1S.SSSV49131,0
OPC.DeviceGroup.PPR.1S.SSSV49133,0
OPC.DeviceGroup.PPR.1S.SSSV49136,0
OPC.DeviceGroup.PPR.1S.SSSV49137,0
OPC.DeviceGroup.PPR.1S.SSSV49138,0
OPC.DeviceGroup.PPR.1S.TB19003,0
OPC.DeviceGroup.PPR.1S.TB20014,0
OPC.DeviceGroup.PPR.1S.TB20045,0
OPC.DeviceGroup.PPR.1S.TB20332,0
OPC.DeviceGroup.PPR.1S.TB43006,0
OPC.DeviceGroup.PPR.1S.TB44646,0
OPC.DeviceGroup.PPR.1S.TB44655,0
OPC.DeviceGroup.PPR.1S.TB44663,0
OPC.DeviceGroup.PPR.1S.TB53001,0
OPC.DeviceGroup.PPR.1S.TB53002,0
OPC.DeviceGroup.PPR.1S.TB53012,0
OPC.DeviceGroup.PPR.1S.TM19003,0
OPC.DeviceGroup.PPR.1S.TM20014,0
OPC.DeviceGroup.PPR.1S.TM20045,0
OPC.DeviceGroup.PPR.1S.TM20332,0
OPC.DeviceGroup.PPR.1S.TM43006,1
OPC.DeviceGroup.PPR.1S.TM44646,0
OPC.DeviceGroup.PPR.1S.TM44655,0
OPC.DeviceGroup.PPR.1S.TM44663,0
OPC.DeviceGroup.PPR.1S.TM53001,0
OPC.DeviceGroup.PPR.1S.TM53002,0
OPC.DeviceGroup.PPR.1S.TM53012,0
OPC.DeviceGroup.PPR.1S.TAHH19003,0
OPC.DeviceGroup.PPR.1S.TAHH20014,0
OPC.DeviceGroup.PPR.1S.TAHH20045,0
OPC.DeviceGroup.PPR.1S.TAHH20332,0
OPC.DeviceGroup.PPR.1S.TSAHH43006,0
OPC.DeviceGroup.PPR.1S.TSAHH44646,0
OPC.DeviceGroup.PPR.1S.TSAHH44655,0
OPC.DeviceGroup.PPR.1S.TSAHH44663,0
OPC.DeviceGroup.PPR.1S.TSAHH53001,0
OPC.DeviceGroup.PPR.1S.WV10301,5
OPC.DeviceGroup.PPR.1S.WV10302,5
OPC.DeviceGroup.PPR.1S.WV10303,5
OPC.DeviceGroup.PPR.1S.WV10304,5
OPC.DeviceGroup.PPR.1S.WV10305,5
OPC.DeviceGroup.PPR.1S.WV10306,5
OPC.DeviceGroup.PPR.1S.WV10307,1
OPC.DeviceGroup.PPR.1S.WV10308,5
OPC.DeviceGroup.PPR.1S.WV10309,5
OPC.DeviceGroup.PPR.1S.WV10310,5
OPC.DeviceGroup.PPR.1S.WV10311,5
OPC.DeviceGroup.PPR.1S.WV10312,1
OPC.DeviceGroup.PPR.1S.WV10313,5
OPC.DeviceGroup.PPR.1S.WV10314,5
OPC.DeviceGroup.PPR.1S.WV10315,5
OPC.DeviceGroup.PPR.1S.WV10316,5
OPC.DeviceGroup.PPR.1S.WV10317,5
OPC.DeviceGroup.PPR.1S.WV10318,5
OPC.DeviceGroup.PPR.1S.WV10319,1
OPC.DeviceGroup.PPR.1S.WV10322,5
OPC.DeviceGroup.PPR.1S.WV49323,5
OPC.DeviceGroup.PPR.1S.WV49324,1
OPC.DeviceGroup.PPR.1S.WV49325,5
OPC.DeviceGroup.PPR.1S.WV49326,5
OPC.DeviceGroup.PPR.1S.WV49327,5
OPC.DeviceGroup.PPR.1S.WV49328,5
OPC.DeviceGroup.PPR.1S.WV49329,5
OPC.DeviceGroup.PPR.1S.WV49330,5
OPC.DeviceGroup.PPR.1S.WV49331,5
OPC.DeviceGroup.PPR.1S.WV49332,1
OPC.DeviceGroup.PPR.1S.WV49333,5
OPC.DeviceGroup.PPR.1S.WV49334,0
OPC.DeviceGroup.PPR.1S.WV49335,1
OPC.DeviceGroup.PPR.1S.WV49336,5
OPC.DeviceGroup.PPR.1S.WV49337,5
OPC.DeviceGroup.PPR.1S.WV49338,1
OPC.DeviceGroup.PPR.1S.WV49339,0
OPC.DeviceGroup.PPR.1S.XS80601,1
OPC.DeviceGroup.PPR.1S.XS80602,1
OPC.DeviceGroup.PPR.1S.XS80603,1
OPC.DeviceGroup.PPR.1S.XS81001,1
OPC.DeviceGroup.PPR.1S.XS81101,1
OPC.DeviceGroup.PPR.1S.XS81201,0
OPC.DeviceGroup.PPR.1S.XS81301,0
OPC.DeviceGroup.PPR.1S.XS81501,0
OPC.DeviceGroup.PPR.1S.XS81502,0
OPC.DeviceGroup.PPR.1S.XS81503,0
OPC.DeviceGroup.PPR.1S.XS81504,0
OPC.DeviceGroup.PPR.1S.XS81511,0
OPC.DeviceGroup.PPR.1S.XS81512,0
OPC.DeviceGroup.PPR.1S.XS81513,0
OPC.DeviceGroup.PPR.1S.XS81514,0
OPC.DeviceGroup.PPR.1S.XS95501,0
OPC.DeviceGroup.PPR.1S.XV20191,4
OPC.DeviceGroup.PPR.1S.XV20193,5
OPC.DeviceGroup.PPR.1S.XV20194,4
OPC.DeviceGroup.PPR.1S.XV20196,5
OPC.DeviceGroup.PPR.1S.XV27102,1
OPC.DeviceGroup.PPR.1S.XV27103,1
OPC.DeviceGroup.PPR.1S.XV30013,5
OPC.DeviceGroup.PPR.1S.XV30019,5
OPC.DeviceGroup.PPR.1S.XV30035,5
OPC.DeviceGroup.PPR.1S.XV30040,5
OPC.DeviceGroup.PPR.1S.XV30054,5
OPC.DeviceGroup.PPR.1S.XV31001,5
OPC.DeviceGroup.PPR.1S.XV3100201,4
OPC.DeviceGroup.PPR.1S.XV3100202,4
OPC.DeviceGroup.PPR.1S.XV3100203,4
OPC.DeviceGroup.PPR.1S.XV3100204,4
OPC.DeviceGroup.PPR.1S.XV3100701,4
OPC.DeviceGroup.PPR.1S.XV3100702,4
OPC.DeviceGroup.PPR.1S.XV3100703,4
OPC.DeviceGroup.PPR.1S.XV3100704,4
OPC.DeviceGroup.PPR.1S.XV3101203,4
OPC.DeviceGroup.PPR.1S.XV3101204,4
OPC.DeviceGroup.PPR.1S.XV31013,4
OPC.DeviceGroup.PPR.1S.XV31038,5
OPC.DeviceGroup.PPR.1S.XV31040,5
OPC.DeviceGroup.PPR.1S.XV31052,4
OPC.DeviceGroup.PPR.1S.XV31062,4
OPC.DeviceGroup.PPR.1S.XV31084,4
OPC.DeviceGroup.PPR.1S.XV31091,5
OPC.DeviceGroup.PPR.1S.XV31092,5
OPC.DeviceGroup.PPR.1S.XV31098,5
OPC.DeviceGroup.PPR.1S.XV31104,5
OPC.DeviceGroup.PPR.1S.XV31105,5
OPC.DeviceGroup.PPR.1S.XV31106A,0
OPC.DeviceGroup.PPR.1S.XV31106B,0
OPC.DeviceGroup.PPR.1S.XV31116,5
OPC.DeviceGroup.PPR.1S.XV31146,4
OPC.DeviceGroup.PPR.1S.XV31165,5
OPC.DeviceGroup.PPR.1S.XV31166,5
OPC.DeviceGroup.PPR.1S.XV31174,4
OPC.DeviceGroup.PPR.1S.XV34049,4
OPC.DeviceGroup.PPR.1S.XV35033,5
OPC.DeviceGroup.PPR.1S.XV36008,4
OPC.DeviceGroup.PPR.1S.XV44704A,0
OPC.DeviceGroup.PPR.1S.XV44704B,0
OPC.DeviceGroup.PPR.1S.XV44704C,0
OPC.DeviceGroup.PPR.1S.XV44720A,0
OPC.DeviceGroup.PPR.1S.XV44720B,0
OPC.DeviceGroup.PPR.1S.XV44720C,0
OPC.DeviceGroup.PPR.1S.XV47003,4
OPC.DeviceGroup.PPR.1S.XV49103,4
OPC.DeviceGroup.PPR.1S.XV49104,4
OPC.DeviceGroup.PPR.1S.XV49107,4
OPC.DeviceGroup.PPR.1S.XV49110,4
OPC.DeviceGroup.PPR.1S.XV49112,4
OPC.DeviceGroup.PPR.1S.XV49115,4
OPC.DeviceGroup.PPR.1S.XV49203,4
OPC.DeviceGroup.PPR.1S.XV49204,5
OPC.DeviceGroup.PPR.1S.XV49207,4
OPC.DeviceGroup.PPR.1S.XV49210,4
OPC.DeviceGroup.PPR.1S.XV49212,4
OPC.DeviceGroup.PPR.1S.XV49215,5
OPC.DeviceGroup.PPR.1S.XV49303,4
OPC.DeviceGroup.PPR.1S.XV49304,5
OPC.DeviceGroup.PPR.1S.XV49307,4
OPC.DeviceGroup.PPR.1S.XV49310,4
OPC.DeviceGroup.PPR.1S.XV49312,4
OPC.DeviceGroup.PPR.1S.XV49315,5
OPC.DeviceGroup.PPR.1S.XV49403,4
OPC.DeviceGroup.PPR.1S.XV49404,5
OPC.DeviceGroup.PPR.1S.XV49407,4
OPC.DeviceGroup.PPR.1S.XV49410,4
OPC.DeviceGroup.PPR.1S.XV49412,4
OPC.DeviceGroup.PPR.1S.XV49415,5
OPC.DeviceGroup.PPR.1S.XV49416,5
OPC.DeviceGroup.PPR.1S.XV49419,4
OPC.DeviceGroup.PPR.1S.XV49421,5
OPC.DeviceGroup.PPR.1S.XV49422,4
OPC.DeviceGroup.PPR.1S.XV49802,4
OPC.DeviceGroup.PPR.1S.XV52551,4
OPC.DeviceGroup.PPR.1S.XV52564,5
OPC.DeviceGroup.PPR.1S.XV52565,4
OPC.DeviceGroup.PPR.1S.XV52566,4
OPC.DeviceGroup.PPR.1S.XV58503,5
OPC.DeviceGroup.PPR.1S.XV60012,4
OPC.DeviceGroup.PPR.1S.XV60031,4
OPC.DeviceGroup.PPR.1S.XV60035,5
OPC.DeviceGroup.PPR.1S.XV60036,5
OPC.DeviceGroup.PPR.1S.XV61051,1
OPC.DeviceGroup.PPR.1S.XV63412,4
OPC.DeviceGroup.PPR.1S.XV63413,4
OPC.DeviceGroup.PPR.1S.XV63419,4
OPC.DeviceGroup.PPR.1S.XV63420,4
OPC.DeviceGroup.PPR.1S.XV63421,4
OPC.DeviceGroup.PPR.1S.XV63422,5
OPC.DeviceGroup.PPR.1S.XV63423,4
OPC.DeviceGroup.PPR.1S.XV63424,4
OPC.DeviceGroup.PPR.1S.XV63425,4
OPC.DeviceGroup.PPR.1S.XV63426,4
OPC.DeviceGroup.PPR.1S.XV63427,4
OPC.DeviceGroup.PPR.1S.XV63428,4
OPC.DeviceGroup.PPR.1S.XV63429,4
OPC.DeviceGroup.PPR.1S.XV63430,4
OPC.DeviceGroup.PPR.1S.XV63431,4
OPC.DeviceGroup.PPR.1S.XV63487,4
OPC.DeviceGroup.PPR.1S.XV63488,4
OPC.DeviceGroup.PPR.1S.XV63659,4
OPC.DeviceGroup.PPR.1S.XV63660,4
OPC.DeviceGroup.PPR.1S.XV69050,5
OPC.DeviceGroup.PPR.1S.XXV10001,1
OPC.DeviceGroup.PPR.1S.XXV10002,1
OPC.DeviceGroup.PPR.1S.XXV10151,5
OPC.DeviceGroup.PPR.1S.XXV10251,5
OPC.DeviceGroup.PPR.1S.XXV17006,1
OPC.DeviceGroup.PPR.1S.XXV17014,2
OPC.DeviceGroup.PPR.1S.XXV17174,1
OPC.DeviceGroup.PPR.1S.XXV17182,2
OPC.DeviceGroup.PPR.1S.XXV17184,2
OPC.DeviceGroup.PPR.1S.XXV17186,2
OPC.DeviceGroup.PPR.1S.XXV17187,2
OPC.DeviceGroup.PPR.1S.XXV17188,2
OPC.DeviceGroup.PPR.1S.XXV17196,2
OPC.DeviceGroup.PPR.1S.XXV17198,2
OPC.DeviceGroup.PPR.1S.XXV17200,2
OPC.DeviceGroup.PPR.1S.XXV17201,2
OPC.DeviceGroup.PPR.1S.XXV17202,2
OPC.DeviceGroup.PPR.1S.XXV17210,2
OPC.DeviceGroup.PPR.1S.XXV17212,2
OPC.DeviceGroup.PPR.1S.XXV17215,2
OPC.DeviceGroup.PPR.1S.XXV17230,2
OPC.DeviceGroup.PPR.1S.XXV17238,2
OPC.DeviceGroup.PPR.1S.XXV17240,2
OPC.DeviceGroup.PPR.1S.XXV17242,2
OPC.DeviceGroup.PPR.1S.XXV17243,2
OPC.DeviceGroup.PPR.1S.XXV17244,2
OPC.DeviceGroup.PPR.1S.XXV17252,2
OPC.DeviceGroup.PPR.1S.XXV17254,2
OPC.DeviceGroup.PPR.1S.XXV17256,2
OPC.DeviceGroup.PPR.1S.XXV17257,2
OPC.DeviceGroup.PPR.1S.XXV17270,2
OPC.DeviceGroup.PPR.1S.XXV17272,2
OPC.DeviceGroup.PPR.1S.XXV17280,2
OPC.DeviceGroup.PPR.1S.XXV17284,2
OPC.DeviceGroup.PPR.1S.XXV17285,2
OPC.DeviceGroup.PPR.1S.XXV17286,1
OPC.DeviceGroup.PPR.1S.XXV17294,2
OPC.DeviceGroup.PPR.1S.XXV17296,2
OPC.DeviceGroup.PPR.1S.XXV17298,2
OPC.DeviceGroup.PPR.1S.XXV17299,2
OPC.DeviceGroup.PPR.1S.XXV17300,2
OPC.DeviceGroup.PPR.1S.XXV17308,2
OPC.DeviceGroup.PPR.1S.XXV17310,2
OPC.DeviceGroup.PPR.1S.XXV17312,2
OPC.DeviceGroup.PPR.1S.XXV17313,2
OPC.DeviceGroup.PPR.1S.XXV17328,1
OPC.DeviceGroup.PPR.1S.XXV17336,2
OPC.DeviceGroup.PPR.1S.XXV17338,2
OPC.DeviceGroup.PPR.1S.XXV17340,2
OPC.DeviceGroup.PPR.1S.XXV17341,2
OPC.DeviceGroup.PPR.1S.XXV17342,2
OPC.DeviceGroup.PPR.1S.XXV17350,2
OPC.DeviceGroup.PPR.1S.XXV17352,2
OPC.DeviceGroup.PPR.1S.XXV17354,2
OPC.DeviceGroup.PPR.1S.XXV17355,2
OPC.DeviceGroup.PPR.1S.XXV17356,2
OPC.DeviceGroup.PPR.1S.XXV17364,2
OPC.DeviceGroup.PPR.1S.XXV17366,2
OPC.DeviceGroup.PPR.1S.XXV17368,2
OPC.DeviceGroup.PPR.1S.XXV17369,2
OPC.DeviceGroup.PPR.1S.XXV17370,2
OPC.DeviceGroup.PPR.1S.XXV17378,2
OPC.DeviceGroup.PPR.1S.XXV17380,2
OPC.DeviceGroup.PPR.1S.XXV17381,2
OPC.DeviceGroup.PPR.1S.XXV17383,2
OPC.DeviceGroup.PPR.1S.XXV17422,2
OPC.DeviceGroup.PPR.1S.XXV17423,2
OPC.DeviceGroup.PPR.1S.XXV17424,2
OPC.DeviceGroup.PPR.1S.XXV17425,2
OPC.DeviceGroup.PPR.1S.XXV17426,2
OPC.DeviceGroup.PPR.1S.XXV17427,2
OPC.DeviceGroup.PPR.1S.XXV17428,2
OPC.DeviceGroup.PPR.1S.XXV17429,2
OPC.DeviceGroup.PPR.1S.XXV17462,2
OPC.DeviceGroup.PPR.1S.XXV17463,2
OPC.DeviceGroup.PPR.1S.XXV17464,2
OPC.DeviceGroup.PPR.1S.XXV17465,2
OPC.DeviceGroup.PPR.1S.XXV19001,2
OPC.DeviceGroup.PPR.1S.XXV19006,2
OPC.DeviceGroup.PPR.1S.XXV20009,2
OPC.DeviceGroup.PPR.1S.XXV20012,1
OPC.DeviceGroup.PPR.1S.XXV20013,1
OPC.DeviceGroup.PPR.1S.XXV20015,2
OPC.DeviceGroup.PPR.1S.XXV20031,1
OPC.DeviceGroup.PPR.1S.XXV20034,2
OPC.DeviceGroup.PPR.1S.XXV20035,1
OPC.DeviceGroup.PPR.1S.XXV20036,1
OPC.DeviceGroup.PPR.1S.XXV20041,2
OPC.DeviceGroup.PPR.1S.XXV20046,2
OPC.DeviceGroup.PPR.1S.XXV20065,1
OPC.DeviceGroup.PPR.1S.XXV20066,2
OPC.DeviceGroup.PPR.1S.BDV20068,2
OPC.DeviceGroup.PPR.1S.XXV20074,1
OPC.DeviceGroup.PPR.1S.XXV20084,1
OPC.DeviceGroup.PPR.1S.XXV20085,1
OPC.DeviceGroup.PPR.1S.XXV20089,2
OPC.DeviceGroup.PPR.1S.XXV20090,2
OPC.DeviceGroup.PPR.1S.XXV20104,1
OPC.DeviceGroup.PPR.1S.XXV20110,5
OPC.DeviceGroup.PPR.1S.XXV20114,1
OPC.DeviceGroup.PPR.1S.XXV20123,1
OPC.DeviceGroup.PPR.1S.XXV20124,5
OPC.DeviceGroup.PPR.1S.XXV20141,2
OPC.DeviceGroup.PPR.1S.XXV20143,1
OPC.DeviceGroup.PPR.1S.XXV20158,1
OPC.DeviceGroup.PPR.1S.XXV20198,1
OPC.DeviceGroup.PPR.1S.XXV20199,1
OPC.DeviceGroup.PPR.1S.XXV20310,5
OPC.DeviceGroup.PPR.1S.XXV20314,1
OPC.DeviceGroup.PPR.1S.XXV20323,1
OPC.DeviceGroup.PPR.1S.XXV20324,5
OPC.DeviceGroup.PPR.1S.XXV22082,2
OPC.DeviceGroup.PPR.1S.XXV23007,2
OPC.DeviceGroup.PPR.1S.XXV30060,1
OPC.DeviceGroup.PPR.1S.XXV30064,1
OPC.DeviceGroup.PPR.1S.XXV31049,1
OPC.DeviceGroup.PPR.1S.XXV31050,1
OPC.DeviceGroup.PPR.1S.XXV31087,2
OPC.DeviceGroup.PPR.1S.XXV36901,1
OPC.DeviceGroup.PPR.1S.XXV43003,1
OPC.DeviceGroup.PPR.1S.XXV43007,1
OPC.DeviceGroup.PPR.1S.XXV44420,1
OPC.DeviceGroup.PPR.1S.XXV44432,1
OPC.DeviceGroup.PPR.1S.XXV44550,1
OPC.DeviceGroup.PPR.1S.XXV44561,1
OPC.DeviceGroup.PPR.1S.XXV44653,1
OPC.DeviceGroup.PPR.1S.XXV44661,1
OPC.DeviceGroup.PPR.1S.XXV48001,1
OPC.DeviceGroup.PPR.1S.XXV48002,1
OPC.DeviceGroup.PPR.1S.XXV53000,2
OPC.DeviceGroup.PPR.1S.XXV53018,2
OPC.DeviceGroup.PPR.1S.XXV56702,5
OPC.DeviceGroup.PPR.1S.XXV56710,5
OPC.DeviceGroup.PPR.1S.XXV56718,5
OPC.DeviceGroup.PPR.1S.XXV56726,5
OPC.DeviceGroup.PPR.1S.XXV56734,5
OPC.DeviceGroup.PPR.1S.XXV56742,5
OPC.DeviceGroup.PPR.1S.XXV56751,4
OPC.DeviceGroup.PPR.1S.XXV56752,5
OPC.DeviceGroup.PPR.1S.XXV56794,5
OPC.DeviceGroup.PPR.1S.XXV56797,5
OPC.DeviceGroup.PPR.1S.XXV56800,5
OPC.DeviceGroup.PPR.1S.XXV56803,5
OPC.DeviceGroup.PPR.1S.XXV62034,5
OPC.DeviceGroup.PPR.1S.XXV62035,5
OPC.DeviceGroup.PPR.1S.XXV62041,2
OPC.DeviceGroup.PPR.1S.XXV62750,4
OPC.DeviceGroup.PPR.1S.XXV62756,4
OPC.DeviceGroup.PPR.1S.XXV62763,4
OPC.DeviceGroup.PPR.1S.XXV62764,4
OPC.DeviceGroup.PPR.1S.XXV62771,4
OPC.DeviceGroup.PPR.1S.XXV62780,4
OPC.DeviceGroup.PPR.1S.XXV62783,4
OPC.DeviceGroup.PPR.1S.XXV62784,4
OPC.DeviceGroup.PPR.1S.XXV62785,4
OPC.DeviceGroup.PPR.1S.XXV62795,4
OPC.DeviceGroup.PPR.1S.XXV62796,4
OPC.DeviceGroup.PPR.1S.XXV63414,2
OPC.DeviceGroup.PPR.1S.XXV63415,2
OPC.DeviceGroup.PPR.1S.XXV63416,2
OPC.DeviceGroup.PPR.1S.XXV63417,2
OPC.DeviceGroup.PPR.1S.XY10001,1
OPC.DeviceGroup.PPR.1S.XY10002,1
OPC.DeviceGroup.PPR.1S.XY10151,1
OPC.DeviceGroup.PPR.1S.XY10251,1
OPC.DeviceGroup.PPR.1S.XY17006,1
OPC.DeviceGroup.PPR.1S.XY17014,0
OPC.DeviceGroup.PPR.1S.XY17174,1
OPC.DeviceGroup.PPR.1S.XY17182,0
OPC.DeviceGroup.PPR.1S.XY17184,0
OPC.DeviceGroup.PPR.1S.XY17186,0
OPC.DeviceGroup.PPR.1S.XY17187,0
OPC.DeviceGroup.PPR.1S.XY17188,0
OPC.DeviceGroup.PPR.1S.XY17196,0
OPC.DeviceGroup.PPR.1S.XY17198,0
OPC.DeviceGroup.PPR.1S.XY17200,0
OPC.DeviceGroup.PPR.1S.XY17201,0
OPC.DeviceGroup.PPR.1S.XY17202,0
OPC.DeviceGroup.PPR.1S.XY17210,0
OPC.DeviceGroup.PPR.1S.XY17212,0
OPC.DeviceGroup.PPR.1S.XY17215,0
OPC.DeviceGroup.PPR.1S.XY17230,0
OPC.DeviceGroup.PPR.1S.XY17238,0
OPC.DeviceGroup.PPR.1S.XY17240,0
OPC.DeviceGroup.PPR.1S.XY17242,0
OPC.DeviceGroup.PPR.1S.XY17243,0
OPC.DeviceGroup.PPR.1S.XY17244,0
OPC.DeviceGroup.PPR.1S.XY17252,0
OPC.DeviceGroup.PPR.1S.XY17254,0
OPC.DeviceGroup.PPR.1S.XY17256,0
OPC.DeviceGroup.PPR.1S.XY17257,0
OPC.DeviceGroup.PPR.1S.XY17270,0
OPC.DeviceGroup.PPR.1S.XY17272,0
OPC.DeviceGroup.PPR.1S.XY17280,0
OPC.DeviceGroup.PPR.1S.XY17284,0
OPC.DeviceGroup.PPR.1S.XY17285,0
OPC.DeviceGroup.PPR.1S.XY17286,1
OPC.DeviceGroup.PPR.1S.XY17294,0
OPC.DeviceGroup.PPR.1S.XY17296,0
OPC.DeviceGroup.PPR.1S.XY17298,0
OPC.DeviceGroup.PPR.1S.XY17299,0
OPC.DeviceGroup.PPR.1S.XY17300,0
OPC.DeviceGroup.PPR.1S.XY17308,0
OPC.DeviceGroup.PPR.1S.XY17310,0
OPC.DeviceGroup.PPR.1S.XY17312,0
OPC.DeviceGroup.PPR.1S.XY17313,0
OPC.DeviceGroup.PPR.1S.XY17328,1
OPC.DeviceGroup.PPR.1S.XY17336,0
OPC.DeviceGroup.PPR.1S.XY17338,0
OPC.DeviceGroup.PPR.1S.XY17340,0
OPC.DeviceGroup.PPR.1S.XY17341,0
OPC.DeviceGroup.PPR.1S.XY17342,0
OPC.DeviceGroup.PPR.1S.XY17350,0
OPC.DeviceGroup.PPR.1S.XY17352,0
OPC.DeviceGroup.PPR.1S.XY17354,0
OPC.DeviceGroup.PPR.1S.XY17355,0
OPC.DeviceGroup.PPR.1S.XY17356,0
OPC.DeviceGroup.PPR.1S.XY17364,0
OPC.DeviceGroup.PPR.1S.XY17366,0
OPC.DeviceGroup.PPR.1S.XY17368,0
OPC.DeviceGroup.PPR.1S.XY17369,0
OPC.DeviceGroup.PPR.1S.XY17370,0
OPC.DeviceGroup.PPR.1S.XY17378,0
OPC.DeviceGroup.PPR.1S.XY17380,0
OPC.DeviceGroup.PPR.1S.XY17381,0
OPC.DeviceGroup.PPR.1S.XY17383,0
OPC.DeviceGroup.PPR.1S.XY17422,0
OPC.DeviceGroup.PPR.1S.XY17423,0
OPC.DeviceGroup.PPR.1S.XY17424,0
OPC.DeviceGroup.PPR.1S.XY17425,0
OPC.DeviceGroup.PPR.1S.XY17426,0
OPC.DeviceGroup.PPR.1S.XY17427,0
OPC.DeviceGroup.PPR.1S.XY17428,0
OPC.DeviceGroup.PPR.1S.XY17429,0
OPC.DeviceGroup.PPR.1S.XY17462,0
OPC.DeviceGroup.PPR.1S.XY17463,0
OPC.DeviceGroup.PPR.1S.XY17464,0
OPC.DeviceGroup.PPR.1S.XY17465,0
OPC.DeviceGroup.PPR.1S.XY19001,0
OPC.DeviceGroup.PPR.1S.XY19006,0
OPC.DeviceGroup.PPR.1S.XY20009,0
OPC.DeviceGroup.PPR.1S.XY20012,1
OPC.DeviceGroup.PPR.1S.XY20013,1
OPC.DeviceGroup.PPR.1S.XY20015,0
OPC.DeviceGroup.PPR.1S.XY20031,1
OPC.DeviceGroup.PPR.1S.XY20032,1
OPC.DeviceGroup.PPR.1S.XY20034,0
OPC.DeviceGroup.PPR.1S.XY20035,1
OPC.DeviceGroup.PPR.1S.XY20036,1
OPC.DeviceGroup.PPR.1S.XY20041,0
OPC.DeviceGroup.PPR.1S.XY20046,0
OPC.DeviceGroup.PPR.1S.XY20065,1
OPC.DeviceGroup.PPR.1S.XY20066,0
OPC.DeviceGroup.PPR.1S.XY20068,1
OPC.DeviceGroup.PPR.1S.XY20074,1
OPC.DeviceGroup.PPR.1S.XY20084,1
OPC.DeviceGroup.PPR.1S.XY20085,1
OPC.DeviceGroup.PPR.1S.XY20089,0
OPC.DeviceGroup.PPR.1S.XY20090,0
OPC.DeviceGroup.PPR.1S.XY20104,1
OPC.DeviceGroup.PPR.1S.XY20105,1
OPC.DeviceGroup.PPR.1S.XY20114,1
OPC.DeviceGroup.PPR.1S.XY20123,1
OPC.DeviceGroup.PPR.1S.XY20141,1
OPC.DeviceGroup.PPR.1S.XY20143,1
OPC.DeviceGroup.PPR.1S.XY20158,1
OPC.DeviceGroup.PPR.1S.XY20192,0
OPC.DeviceGroup.PPR.1S.XY20195,0
OPC.DeviceGroup.PPR.1S.XY20198,1
OPC.DeviceGroup.PPR.1S.XY20199,1
OPC.DeviceGroup.PPR.1S.XY20314,1
OPC.DeviceGroup.PPR.1S.XY20323,1
OPC.DeviceGroup.PPR.1S.XY22082,0
OPC.DeviceGroup.PPR.1S.XY23007,0
OPC.DeviceGroup.PPR.1S.XY30020,1
OPC.DeviceGroup.PPR.1S.XY30041,1
OPC.DeviceGroup.PPR.1S.XY30060,0
OPC.DeviceGroup.PPR.1S.XY30064,1
OPC.DeviceGroup.PPR.1S.XY31025,0
OPC.DeviceGroup.PPR.1S.XY31047,1
OPC.DeviceGroup.PPR.1S.XY31049,1
OPC.DeviceGroup.PPR.1S.XY31050,1
OPC.DeviceGroup.PPR.1S.XY31085,0
OPC.DeviceGroup.PPR.1S.XY31087,0
OPC.DeviceGroup.PPR.1S.XY31145,0
OPC.DeviceGroup.PPR.1S.XY36901,1
OPC.DeviceGroup.PPR.1S.XY43003,1
OPC.DeviceGroup.PPR.1S.XY43007,1
OPC.DeviceGroup.PPR.1S.XY44420,0
OPC.DeviceGroup.PPR.1S.XY44432,0
OPC.DeviceGroup.PPR.1S.XY44550,0
OPC.DeviceGroup.PPR.1S.XY44561,0
OPC.DeviceGroup.PPR.1S.XY44653,0
OPC.DeviceGroup.PPR.1S.XY44661,0
OPC.DeviceGroup.PPR.1S.XY48001,1
OPC.DeviceGroup.PPR.1S.XY48002,1
OPC.DeviceGroup.PPR.1S.XY50305,0
OPC.DeviceGroup.PPR.1S.XY50306,0
OPC.DeviceGroup.PPR.1S.XY50319,0
OPC.DeviceGroup.PPR.1S.XY50320,0
OPC.DeviceGroup.PPR.1S.XY50335,0
OPC.DeviceGroup.PPR.1S.XY50336,0
OPC.DeviceGroup.PPR.1S.XY50349,0
OPC.DeviceGroup.PPR.1S.XY50350,0
OPC.DeviceGroup.PPR.1S.XY50379,0
OPC.DeviceGroup.PPR.1S.XY50380,0
OPC.DeviceGroup.PPR.1S.XY50395,0
OPC.DeviceGroup.PPR.1S.XY50396,0
OPC.DeviceGroup.PPR.1S.XY50409,0
OPC.DeviceGroup.PPR.1S.XY50410,0
OPC.DeviceGroup.PPR.1S.XY50501,0
OPC.DeviceGroup.PPR.1S.XY50502,0
OPC.DeviceGroup.PPR.1S.XY50622,0
OPC.DeviceGroup.PPR.1S.XY50623,0
OPC.DeviceGroup.PPR.1S.XY50624,0
OPC.DeviceGroup.PPR.1S.XY50625,0
OPC.DeviceGroup.PPR.1S.XY50626,0
OPC.DeviceGroup.PPR.1S.XY50627,0
OPC.DeviceGroup.PPR.1S.XY50628,0
OPC.DeviceGroup.PPR.1S.XY50629,0
OPC.DeviceGroup.PPR.1S.XY50630,0
OPC.DeviceGroup.PPR.1S.XY50631,0
OPC.DeviceGroup.PPR.1S.XY50632,0
OPC.DeviceGroup.PPR.1S.XY50633,0
OPC.DeviceGroup.PPR.1S.XY50634,0
OPC.DeviceGroup.PPR.1S.XY50635,0
OPC.DeviceGroup.PPR.1S.XY50636,0
OPC.DeviceGroup.PPR.1S.XY50637,0
OPC.DeviceGroup.PPR.1S.XY50638,0
OPC.DeviceGroup.PPR.1S.XY50639,0
OPC.DeviceGroup.PPR.1S.XY50642,0
OPC.DeviceGroup.PPR.1S.XY50643,0
OPC.DeviceGroup.PPR.1S.XY50644,0
OPC.DeviceGroup.PPR.1S.XY50645,0
OPC.DeviceGroup.PPR.1S.XY50646,0
OPC.DeviceGroup.PPR.1S.XY50647,0
OPC.DeviceGroup.PPR.1S.XY50648,0
OPC.DeviceGroup.PPR.1S.XY50950,0
OPC.DeviceGroup.PPR.1S.XY50954,0
OPC.DeviceGroup.PPR.1S.XY50958,0
OPC.DeviceGroup.PPR.1S.XY50962,0
OPC.DeviceGroup.PPR.1S.XY50966,0
OPC.DeviceGroup.PPR.1S.XY50970,0
OPC.DeviceGroup.PPR.1S.XY53000,0
OPC.DeviceGroup.PPR.1S.XY53018,0
OPC.DeviceGroup.PPR.1S.XY60009,1
OPC.DeviceGroup.PPR.1S.XY60024,1
OPC.DeviceGroup.PPR.1S.XY61051,1
OPC.DeviceGroup.PPR.1S.XY62041,0
OPC.DeviceGroup.PPR.1S.XY63414,0
OPC.DeviceGroup.PPR.1S.XY63415,0
OPC.DeviceGroup.PPR.1S.XY63416,0
OPC.DeviceGroup.PPR.1S.XY63417,0
OPC.DeviceGroup.PPR.1S.XY701004,1
OPC.DeviceGroup.PPR.1S.XY701007,0
OPC.DeviceGroup.PPR.1S.XY701009,1
OPC.DeviceGroup.PPR.1S.XY701015,1
OPC.DeviceGroup.PPR.1S.XY701016,1
OPC.DeviceGroup.PPR.1S.XY701018,1
OPC.DeviceGroup.PPR.1S.XY701019,1
OPC.DeviceGroup.PPR.1S.XY701020,1
OPC.DeviceGroup.PPR.1S.XY701021,0
OPC.DeviceGroup.PPR.1S.XY701051,1
OPC.DeviceGroup.PPR.1S.XY701214,0
OPC.DeviceGroup.PPR.1S.XY702004,0
OPC.DeviceGroup.PPR.1S.XY702007,0
OPC.DeviceGroup.PPR.1S.XY702009,0
OPC.DeviceGroup.PPR.1S.XY702015,0
OPC.DeviceGroup.PPR.1S.XY702016,0
OPC.DeviceGroup.PPR.1S.XY702018,0
OPC.DeviceGroup.PPR.1S.XY702019,0
OPC.DeviceGroup.PPR.1S.XY702020,0
OPC.DeviceGroup.PPR.1S.XY702021,0
OPC.DeviceGroup.PPR.1S.XY702051,0
OPC.DeviceGroup.PPR.1S.XY702214,0
OPC.DeviceGroup.PPR.1S.XY703004,1
OPC.DeviceGroup.PPR.1S.XY703007,0
OPC.DeviceGroup.PPR.1S.XY703009,1
OPC.DeviceGroup.PPR.1S.XY703015,1
OPC.DeviceGroup.PPR.1S.XY703016,1
OPC.DeviceGroup.PPR.1S.XY703018,1
OPC.DeviceGroup.PPR.1S.XY703019,1
OPC.DeviceGroup.PPR.1S.XY703020,1
OPC.DeviceGroup.PPR.1S.XY703021,0
OPC.DeviceGroup.PPR.1S.XY703051,1
OPC.DeviceGroup.PPR.1S.XY703214,0
OPC.DeviceGroup.PPR.1S.YSB49003A,0
OPC.DeviceGroup.PPR.1S.YSB49003B,0
OPC.DeviceGroup.PPR.1S.YSB49004A,0
OPC.DeviceGroup.PPR.1S.YSB49004B,0
OPC.DeviceGroup.PPR.1S.YSB49007A,0
OPC.DeviceGroup.PPR.1S.YSB49007B,0
OPC.DeviceGroup.PPR.1S.YSB49009,0
OPC.DeviceGroup.PPR.1S.YSB49010,0
OPC.DeviceGroup.PPR.1S.YSM49003A,0
OPC.DeviceGroup.PPR.1S.YSM49003B,0
OPC.DeviceGroup.PPR.1S.YSM49004A,0
OPC.DeviceGroup.PPR.1S.YSM49004B,0
OPC.DeviceGroup.PPR.1S.YSM49007A,0
OPC.DeviceGroup.PPR.1S.YSM49007B,0
OPC.DeviceGroup.PPR.1S.YSM49009,0
OPC.DeviceGroup.PPR.1S.YSM49010,0
OPC.DeviceGroup.PPR.1S.ZSH10001,1
OPC.DeviceGroup.PPR.1S.ZSH10002,1
OPC.DeviceGroup.PPR.1S.ZSH17006,1
OPC.DeviceGroup.PPR.1S.ZSH17014,0
OPC.DeviceGroup.PPR.1S.ZSH17174,1
OPC.DeviceGroup.PPR.1S.ZSH17182,0
OPC.DeviceGroup.PPR.1S.ZSH17184,0
OPC.DeviceGroup.PPR.1S.ZSH17186,0
OPC.DeviceGroup.PPR.1S.ZSH17187,0
OPC.DeviceGroup.PPR.1S.ZSH17188,0
OPC.DeviceGroup.PPR.1S.ZSH17196,0
OPC.DeviceGroup.PPR.1S.ZSH17198,0
OPC.DeviceGroup.PPR.1S.ZSH17200,0
OPC.DeviceGroup.PPR.1S.ZSH17201,0
OPC.DeviceGroup.PPR.1S.ZSH17202,0
OPC.DeviceGroup.PPR.1S.ZSH17210,0
OPC.DeviceGroup.PPR.1S.ZSH17212,0
OPC.DeviceGroup.PPR.1S.ZSH17215,0
OPC.DeviceGroup.PPR.1S.ZSH17230,0
OPC.DeviceGroup.PPR.1S.ZSH17238,0
OPC.DeviceGroup.PPR.1S.ZSH17240,0
OPC.DeviceGroup.PPR.1S.ZSH17242,0
OPC.DeviceGroup.PPR.1S.ZSH17243,0
OPC.DeviceGroup.PPR.1S.ZSH17244,0
OPC.DeviceGroup.PPR.1S.ZSH17252,0
OPC.DeviceGroup.PPR.1S.ZSH17254,0
OPC.DeviceGroup.PPR.1S.ZSH17256,0
OPC.DeviceGroup.PPR.1S.ZSH17257,0
OPC.DeviceGroup.PPR.1S.ZSH17270,0
OPC.DeviceGroup.PPR.1S.ZSH17272,0
OPC.DeviceGroup.PPR.1S.ZSH17280,0
OPC.DeviceGroup.PPR.1S.ZSH17284,0
OPC.DeviceGroup.PPR.1S.ZSH17285,0
OPC.DeviceGroup.PPR.1S.ZSH17286,1
OPC.DeviceGroup.PPR.1S.ZSH17294,0
OPC.DeviceGroup.PPR.1S.ZSH17296,0
OPC.DeviceGroup.PPR.1S.ZSH17298,0
OPC.DeviceGroup.PPR.1S.ZSH17299,0
OPC.DeviceGroup.PPR.1S.ZSH17300,0
OPC.DeviceGroup.PPR.1S.ZSH17308,0
OPC.DeviceGroup.PPR.1S.ZSH17310,0
OPC.DeviceGroup.PPR.1S.ZSH17312,0
OPC.DeviceGroup.PPR.1S.ZSH17313,0
OPC.DeviceGroup.PPR.1S.ZSH17328,1
OPC.DeviceGroup.PPR.1S.ZSH17336,0
OPC.DeviceGroup.PPR.1S.ZSH17338,0
OPC.DeviceGroup.PPR.1S.ZSH17340,0
OPC.DeviceGroup.PPR.1S.ZSH17341,0
OPC.DeviceGroup.PPR.1S.ZSH17342,0
OPC.DeviceGroup.PPR.1S.ZSH17350,0
OPC.DeviceGroup.PPR.1S.ZSH17352,0
OPC.DeviceGroup.PPR.1S.ZSH17354,0
OPC.DeviceGroup.PPR.1S.ZSH17355,0
OPC.DeviceGroup.PPR.1S.ZSH17356,0
OPC.DeviceGroup.PPR.1S.ZSH17364,0
OPC.DeviceGroup.PPR.1S.ZSH17366,0
OPC.DeviceGroup.PPR.1S.ZSH17368,0
OPC.DeviceGroup.PPR.1S.ZSH17369,0
OPC.DeviceGroup.PPR.1S.ZSH17370,0
OPC.DeviceGroup.PPR.1S.ZSH17378,0
OPC.DeviceGroup.PPR.1S.ZSH17380,0
OPC.DeviceGroup.PPR.1S.ZSH17381,0
OPC.DeviceGroup.PPR.1S.ZSH17383,0
OPC.DeviceGroup.PPR.1S.ZSH17422,0
OPC.DeviceGroup.PPR.1S.ZSH17423,0
OPC.DeviceGroup.PPR.1S.ZSH17424,0
OPC.DeviceGroup.PPR.1S.ZSH17425,0
OPC.DeviceGroup.PPR.1S.ZSH17426,0
OPC.DeviceGroup.PPR.1S.ZSH17427,0
OPC.DeviceGroup.PPR.1S.ZSH17428,0
OPC.DeviceGroup.PPR.1S.ZSH17429,0
OPC.DeviceGroup.PPR.1S.ZSH17462,0
OPC.DeviceGroup.PPR.1S.ZSH17463,0
OPC.DeviceGroup.PPR.1S.ZSH17464,0
OPC.DeviceGroup.PPR.1S.ZSH17465,0
OPC.DeviceGroup.PPR.1S.ZSH19001,0
OPC.DeviceGroup.PPR.1S.ZSH19006,0
OPC.DeviceGroup.PPR.1S.ZSH20009,0
OPC.DeviceGroup.PPR.1S.ZSH20012,1
OPC.DeviceGroup.PPR.1S.ZSH20013,1
OPC.DeviceGroup.PPR.1S.ZSH20015,0
OPC.DeviceGroup.PPR.1S.ZSH20031,1
OPC.DeviceGroup.PPR.1S.ZSH20032,0
OPC.DeviceGroup.PPR.1S.ZSH20034,0
OPC.DeviceGroup.PPR.1S.ZSH20035,1
OPC.DeviceGroup.PPR.1S.ZSH20036,1
OPC.DeviceGroup.PPR.1S.ZSH20041,0
OPC.DeviceGroup.PPR.1S.ZSH20046,0
OPC.DeviceGroup.PPR.1S.ZSH20065,1
OPC.DeviceGroup.PPR.1S.ZSH20066,0
OPC.DeviceGroup.PPR.1S.ZSH20068,0
OPC.DeviceGroup.PPR.1S.ZSH20074,1
OPC.DeviceGroup.PPR.1S.ZSH20084,1
OPC.DeviceGroup.PPR.1S.ZSH20085,1
OPC.DeviceGroup.PPR.1S.ZSH20089,0
OPC.DeviceGroup.PPR.1S.ZSH20090,0
OPC.DeviceGroup.PPR.1S.ZSH20104,1
OPC.DeviceGroup.PPR.1S.ZSH20105,0
OPC.DeviceGroup.PPR.1S.ZSH20114,1
OPC.DeviceGroup.PPR.1S.ZSH20123,1
OPC.DeviceGroup.PPR.1S.ZSH20141,0
OPC.DeviceGroup.PPR.1S.ZSH20143,1
OPC.DeviceGroup.PPR.1S.ZSH20158,1
OPC.DeviceGroup.PPR.1S.ZSH20198,1
OPC.DeviceGroup.PPR.1S.ZSH20199,1
OPC.DeviceGroup.PPR.1S.ZSH20314,1
OPC.DeviceGroup.PPR.1S.ZSH20323,1
OPC.DeviceGroup.PPR.1S.ZSH22082,0
OPC.DeviceGroup.PPR.1S.ZSH23007,0
OPC.DeviceGroup.PPR.1S.ZSH30020,0
OPC.DeviceGroup.PPR.1S.ZSH30041,0
OPC.DeviceGroup.PPR.1S.XXV20195,0
OPC.DeviceGroup.PPR.1S.ZSH30064,1
OPC.DeviceGroup.PPR.1S.ZSH31025,1
OPC.DeviceGroup.PPR.1S.ZSH31047,0
OPC.DeviceGroup.PPR.1S.ZSH31049,1
OPC.DeviceGroup.PPR.1S.ZSH31050,1
OPC.DeviceGroup.PPR.1S.ZSH31085,1
OPC.DeviceGroup.PPR.1S.ZSH31087,0
OPC.DeviceGroup.PPR.1S.ZSH31145,1
OPC.DeviceGroup.PPR.1S.ZSH36901,1
OPC.DeviceGroup.PPR.1S.ZSH43003,1
OPC.DeviceGroup.PPR.1S.ZSH43007,1
OPC.DeviceGroup.PPR.1S.ZSH44420,1
OPC.DeviceGroup.PPR.1S.ZSH44432,1
OPC.DeviceGroup.PPR.1S.ZSH44550,1
OPC.DeviceGroup.PPR.1S.ZSH44561,1
OPC.DeviceGroup.PPR.1S.ZSH44653,1
OPC.DeviceGroup.PPR.1S.ZSH44661,1
OPC.DeviceGroup.PPR.1S.ZSH48001,1
OPC.DeviceGroup.PPR.1S.ZSH48002,1
OPC.DeviceGroup.PPR.1S.ZSH53000,0
OPC.DeviceGroup.PPR.1S.ZSH53018,0
OPC.DeviceGroup.PPR.1S.ZSH60009,0
OPC.DeviceGroup.PPR.1S.ZSH60024,0
OPC.DeviceGroup.PPR.1S.ZSH61051,1
OPC.DeviceGroup.PPR.1S.ZSH62041,0
OPC.DeviceGroup.PPR.1S.ZSH63414,0
OPC.DeviceGroup.PPR.1S.ZSH63415,0
OPC.DeviceGroup.PPR.1S.ZSH63416,0
OPC.DeviceGroup.PPR.1S.ZSH63417,0
OPC.DeviceGroup.PPR.1S.ZSL10001,0
OPC.DeviceGroup.PPR.1S.ZSL10002,0
OPC.DeviceGroup.PPR.1S.ZSL17006,0
OPC.DeviceGroup.PPR.1S.ZSL17014,1
OPC.DeviceGroup.PPR.1S.ZSL17174,0
OPC.DeviceGroup.PPR.1S.ZSL17182,1
OPC.DeviceGroup.PPR.1S.ZSL17184,1
OPC.DeviceGroup.PPR.1S.ZSL17186,1
OPC.DeviceGroup.PPR.1S.ZSL17187,1
OPC.DeviceGroup.PPR.1S.ZSL17188,1
OPC.DeviceGroup.PPR.1S.ZSL17196,1
OPC.DeviceGroup.PPR.1S.ZSL17198,1
OPC.DeviceGroup.PPR.1S.ZSL17200,1
OPC.DeviceGroup.PPR.1S.ZSL17201,1
OPC.DeviceGroup.PPR.1S.ZSL17202,1
OPC.DeviceGroup.PPR.1S.ZSL17210,1
OPC.DeviceGroup.PPR.1S.ZSL17212,1
OPC.DeviceGroup.PPR.1S.ZSL17215,1
OPC.DeviceGroup.PPR.1S.ZSL17230,1
OPC.DeviceGroup.PPR.1S.ZSL17238,1
OPC.DeviceGroup.PPR.1S.ZSL17240,1
OPC.DeviceGroup.PPR.1S.ZSL17242,1
OPC.DeviceGroup.PPR.1S.ZSL17243,1
OPC.DeviceGroup.PPR.1S.ZSL17244,1
OPC.DeviceGroup.PPR.1S.ZSL17252,1
OPC.DeviceGroup.PPR.1S.ZSL17254,1
OPC.DeviceGroup.PPR.1S.ZSL17256,1
OPC.DeviceGroup.PPR.1S.ZSL17257,1
OPC.DeviceGroup.PPR.1S.ZSL17270,1
OPC.DeviceGroup.PPR.1S.ZSL17272,1
OPC.DeviceGroup.PPR.1S.ZSL17280,1
OPC.DeviceGroup.PPR.1S.ZSL17284,1
OPC.DeviceGroup.PPR.1S.ZSL17285,1
OPC.DeviceGroup.PPR.1S.ZSL17286,0
OPC.DeviceGroup.PPR.1S.ZSL17294,1
OPC.DeviceGroup.PPR.1S.ZSL17296,1
OPC.DeviceGroup.PPR.1S.ZSL17298,1
OPC.DeviceGroup.PPR.1S.ZSL17299,1
OPC.DeviceGroup.PPR.1S.ZSL17300,1
OPC.DeviceGroup.PPR.1S.ZSL17308,1
OPC.DeviceGroup.PPR.1S.ZSL17310,1
OPC.DeviceGroup.PPR.1S.ZSL17312,1
OPC.DeviceGroup.PPR.1S.ZSL17313,1
OPC.DeviceGroup.PPR.1S.ZSL17328,0
OPC.DeviceGroup.PPR.1S.ZSL17336,1
OPC.DeviceGroup.PPR.1S.ZSL17338,1
OPC.DeviceGroup.PPR.1S.ZSL17340,1
OPC.DeviceGroup.PPR.1S.ZSL17341,1
OPC.DeviceGroup.PPR.1S.ZSL17342,1
OPC.DeviceGroup.PPR.1S.ZSL17350,1
OPC.DeviceGroup.PPR.1S.ZSL17352,1
OPC.DeviceGroup.PPR.1S.ZSL17354,1
OPC.DeviceGroup.PPR.1S.ZSL17355,1
OPC.DeviceGroup.PPR.1S.ZSL17356,1
OPC.DeviceGroup.PPR.1S.ZSL17364,1
OPC.DeviceGroup.PPR.1S.ZSL17366,1
OPC.DeviceGroup.PPR.1S.ZSL17368,1
OPC.DeviceGroup.PPR.1S.ZSL17369,1
OPC.DeviceGroup.PPR.1S.ZSL17370,1
OPC.DeviceGroup.PPR.1S.ZSL17378,1
OPC.DeviceGroup.PPR.1S.ZSL17380,1
OPC.DeviceGroup.PPR.1S.ZSL17381,1
OPC.DeviceGroup.PPR.1S.ZSL17383,1
OPC.DeviceGroup.PPR.1S.ZSL17422,1
OPC.DeviceGroup.PPR.1S.ZSL17423,1
OPC.DeviceGroup.PPR.1S.ZSL17424,1
OPC.DeviceGroup.PPR.1S.ZSL17425,1
OPC.DeviceGroup.PPR.1S.ZSL17426,1
OPC.DeviceGroup.PPR.1S.ZSL17427,1
OPC.DeviceGroup.PPR.1S.ZSL17428,1
OPC.DeviceGroup.PPR.1S.ZSL17429,1
OPC.DeviceGroup.PPR.1S.ZSL17462,1
OPC.DeviceGroup.PPR.1S.ZSL17463,1
OPC.DeviceGroup.PPR.1S.ZSL17464,1
OPC.DeviceGroup.PPR.1S.ZSL17465,1
OPC.DeviceGroup.PPR.1S.ZSL19001,1
OPC.DeviceGroup.PPR.1S.ZSL19006,1
OPC.DeviceGroup.PPR.1S.ZSL20009,1
OPC.DeviceGroup.PPR.1S.ZSL20012,0
OPC.DeviceGroup.PPR.1S.ZSL20013,0
OPC.DeviceGroup.PPR.1S.ZSL20015,1
OPC.DeviceGroup.PPR.1S.ZSL20031,0
OPC.DeviceGroup.PPR.1S.ZSL20032,1
OPC.DeviceGroup.PPR.1S.ZSL20034,1
OPC.DeviceGroup.PPR.1S.ZSL20035,0
OPC.DeviceGroup.PPR.1S.ZSL20036,0
OPC.DeviceGroup.PPR.1S.ZSL20041,1
OPC.DeviceGroup.PPR.1S.ZSL20046,1
OPC.DeviceGroup.PPR.1S.ZSL20065,0
OPC.DeviceGroup.PPR.1S.ZSL20066,1
OPC.DeviceGroup.PPR.1S.ZSL20068,1
OPC.DeviceGroup.PPR.1S.ZSL20074,0
OPC.DeviceGroup.PPR.1S.ZSL20084,0
OPC.DeviceGroup.PPR.1S.ZSL20085,0
OPC.DeviceGroup.PPR.1S.ZSL20089,1
OPC.DeviceGroup.PPR.1S.ZSL20090,1
OPC.DeviceGroup.PPR.1S.ZSL20104,0
OPC.DeviceGroup.PPR.1S.ZSL20105,1
OPC.DeviceGroup.PPR.1S.ZSL20114,0
OPC.DeviceGroup.PPR.1S.ZSL20123,0
OPC.DeviceGroup.PPR.1S.ZSL20141,1
OPC.DeviceGroup.PPR.1S.ZSL20143,0
OPC.DeviceGroup.PPR.1S.ZSL20158,0
OPC.DeviceGroup.PPR.1S.ZSL20195,2
OPC.DeviceGroup.PPR.1S.ZSL20198,0
OPC.DeviceGroup.PPR.1S.ZSL20199,0
OPC.DeviceGroup.PPR.1S.ZSL20314,0
OPC.DeviceGroup.PPR.1S.ZSL20323,0
OPC.DeviceGroup.PPR.1S.ZSL22082,1
OPC.DeviceGroup.PPR.1S.ZSL23007,1
OPC.DeviceGroup.PPR.1S.ZSL30020,1
OPC.DeviceGroup.PPR.1S.ZSL30041,1
OPC.DeviceGroup.PPR.1S.ZSL30060,1
OPC.DeviceGroup.PPR.1S.ZSL30064,0
OPC.DeviceGroup.PPR.1S.ZSL31025,0
OPC.DeviceGroup.PPR.1S.ZSL31047,1
OPC.DeviceGroup.PPR.1S.ZSL31049,0
OPC.DeviceGroup.PPR.1S.ZSL31050,0
OPC.DeviceGroup.PPR.1S.ZSL31085,0
OPC.DeviceGroup.PPR.1S.ZSL31087,1
OPC.DeviceGroup.PPR.1S.ZSL31145,0
OPC.DeviceGroup.PPR.1S.ZSL36901,0
OPC.DeviceGroup.PPR.1S.ZSL43003,0
OPC.DeviceGroup.PPR.1S.ZSL43007,0
OPC.DeviceGroup.PPR.1S.ZSL44420,0
OPC.DeviceGroup.PPR.1S.ZSL44432,0
OPC.DeviceGroup.PPR.1S.ZSL44550,0
OPC.DeviceGroup.PPR.1S.ZSL44561,0
OPC.DeviceGroup.PPR.1S.ZSL44653,0
OPC.DeviceGroup.PPR.1S.ZSL44661,0
OPC.DeviceGroup.PPR.1S.ZSL48001,0
OPC.DeviceGroup.PPR.1S.ZSL48002,0
OPC.DeviceGroup.PPR.1S.ZSL53000,1
OPC.DeviceGroup.PPR.1S.ZSL53018,1
OPC.DeviceGroup.PPR.1S.ZSL60009,1
OPC.DeviceGroup.PPR.1S.ZSL60024,1
OPC.DeviceGroup.PPR.1S.ZSL61051,0
OPC.DeviceGroup.PPR.1S.ZSL62041,1
OPC.DeviceGroup.PPR.1S.ZSL63414,1
OPC.DeviceGroup.PPR.1S.ZSL63415,1
OPC.DeviceGroup.PPR.1S.ZSL63416,1
OPC.DeviceGroup.PPR.1S.ZSL63417,1
